-- --------------------------------------------------------
-- Servidor:                     intercommgov-db.mysql.database.azure.com
-- Versão do servidor:           5.7.17-log - MySQL Community Server (GPL)
-- OS do Servidor:               Win64
-- HeidiSQL Versão:              9.4.0.5125
-- --------------------------------------------------------

/*!40101 SET @OLD_CHARACTER_SET_CLIENT=@@CHARACTER_SET_CLIENT */;
/*!40101 SET NAMES utf8 */;
/*!50503 SET NAMES utf8mb4 */;
/*!40014 SET @OLD_FOREIGN_KEY_CHECKS=@@FOREIGN_KEY_CHECKS, FOREIGN_KEY_CHECKS=0 */;
/*!40101 SET @OLD_SQL_MODE=@@SQL_MODE, SQL_MODE='NO_AUTO_VALUE_ON_ZERO' */;


-- Copiando estrutura do banco de dados para intercom
CREATE DATABASE IF NOT EXISTS `intercom` /*!40100 DEFAULT CHARACTER SET latin1 */;
USE `intercom`;

-- Copiando estrutura para tabela intercom.acl
CREATE TABLE IF NOT EXISTS `acl` (
  `id` int(11) unsigned NOT NULL AUTO_INCREMENT,
  `nome` varchar(250) NOT NULL,
  `super` tinyint(1) unsigned NOT NULL DEFAULT '0',
  `table` varchar(250) NOT NULL,
  `ordem` int(1) unsigned NOT NULL,
  `tipoColumn` varchar(250) NOT NULL,
  `tipoValor` int(11) unsigned NOT NULL,
  `loginColumn` varchar(250) NOT NULL,
  `foreignColumn` varchar(250) NOT NULL,
  PRIMARY KEY (`id`)
) ENGINE=InnoDB AUTO_INCREMENT=6 DEFAULT CHARSET=utf8;

-- Copiando dados para a tabela intercom.acl: ~5 rows (aproximadamente)
/*!40000 ALTER TABLE `acl` DISABLE KEYS */;
INSERT INTO `acl` (`id`, `nome`, `super`, `table`, `ordem`, `tipoColumn`, `tipoValor`, `loginColumn`, `foreignColumn`) VALUES
	(1, 'Admininistrador', 1, 'admin', 0, 'idAdmin_Tipo', 1, 'email', 'idAdmin'),
	(2, 'Cliente', 1, 'admin', 8, 'idAdmin_Tipo', 2, 'email', 'idAdmin'),
	(3, 'Gerente', 1, 'admin', 9, 'idAdmin_Tipo', 3, 'email', 'idAdmin'),
	(4, 'Coordenador', 1, 'admin', 0, 'idAdmin_Tipo', 4, 'email', 'idAdmin'),
	(5, 'Executador', 1, 'admin', 0, 'idAdmin_Tipo', 5, 'email', 'idAdmin');
/*!40000 ALTER TABLE `acl` ENABLE KEYS */;

-- Copiando estrutura para tabela intercom.admin
CREATE TABLE IF NOT EXISTS `admin` (
  `id` int(11) unsigned NOT NULL AUTO_INCREMENT COMMENT 'id hidden',
  `email` varchar(250) NOT NULL COMMENT 'required visible column email %Dados%',
  `cpf` varchar(250) NOT NULL COMMENT 'v c [CPF] cpf',
  `nome` varchar(250) NOT NULL COMMENT 'required visible [Nome] column',
  `nascimento` date NOT NULL COMMENT 'v c date [Data_de_Nascimento]',
  `idAdmin_Tipo` tinyint(1) unsigned NOT NULL COMMENT 'r f c filter [Tipo] nd',
  `celular` varchar(250) NOT NULL COMMENT 'v c fone [Celular]',
  `idCelular_Operadora` tinyint(3) unsigned DEFAULT NULL COMMENT 'v f [Operadora] nd',
  `idAdmin` int(11) unsigned DEFAULT NULL COMMENT 'admin [Dono] c f',
  `senha` varchar(512) NOT NULL COMMENT 'sha512 password v [Senha]',
  `senha2` varchar(512) NOT NULL COMMENT 'read-only  [Senha_Descriptografada] dont-send',
  `admin_entidade` tinyint(1) unsigned NOT NULL COMMENT '1n v [Escolas]',
  `token` varchar(250) NOT NULL,
  `data` timestamp NOT NULL DEFAULT CURRENT_TIMESTAMP,
  PRIMARY KEY (`id`),
  UNIQUE KEY `email` (`email`),
  KEY `tipo` (`idAdmin_Tipo`),
  KEY `idOperadora` (`idCelular_Operadora`),
  KEY `idAdmin` (`idAdmin`)
) ENGINE=InnoDB AUTO_INCREMENT=21 DEFAULT CHARSET=utf8;

-- Copiando dados para a tabela intercom.admin: ~19 rows (aproximadamente)
/*!40000 ALTER TABLE `admin` DISABLE KEYS */;
INSERT INTO `admin` (`id`, `email`, `cpf`, `nome`, `nascimento`, `idAdmin_Tipo`, `celular`, `idCelular_Operadora`, `idAdmin`, `senha`, `senha2`, `admin_entidade`, `token`, `data`) VALUES
	(1, 'admineduqmais@eduqmais.com.br', '717.188.536-50', 'Admin EduqMais', '1980-11-27', 1, '(10) 98044-4491', 2, NULL, 'acc28db2beb7b42baa1cb0243d401ccb4e3fce44d7b02879a52799aadff541522d8822598b2fa664f9d5156c00c924805d75c3868bd56c2acb81d37e98e35adc', 'c', 0, '', '2017-07-04 19:52:31'),
	(2, 'projectmanager@eduqmais.com.br', '159.952.314-75', 'Project Manager', '1953-11-25', 2, '(10) 93868-5105', 2, NULL, '26c669cd0814ac40e5328752b21c4aa6450d16295e4eec30356a06a911c23983aaebe12d5da38eeebfc1b213be650498df8419194d5a26c7e0a50af156853c79', 'demo', 0, '', '2017-07-04 19:52:32'),
	(3, 'regionaldirector@eduqmais.com.br', '540.254.416-68', 'Regional Director', '1976-10-19', 3, '(10) 99799-3849', 2, NULL, '26c669cd0814ac40e5328752b21c4aa6450d16295e4eec30356a06a911c23983aaebe12d5da38eeebfc1b213be650498df8419194d5a26c7e0a50af156853c79', 'demo', 0, '', '2017-07-04 19:52:32'),
	(4, 'schooldirector@eduqmais.com.br', '896.784.744-37', 'School Director', '1968-10-21', 4, '(10) 91690-4438', 2, NULL, '26c669cd0814ac40e5328752b21c4aa6450d16295e4eec30356a06a911c23983aaebe12d5da38eeebfc1b213be650498df8419194d5a26c7e0a50af156853c79', 'demo', 0, '', '2017-07-04 19:52:33'),
	(5, 'luanarodrigues@eduqmais.com.br', '555.164.435-89', 'Luana Rodrigues', '1968-12-14', 5, '(10) 99080-5255', 2, NULL, '26c669cd0814ac40e5328752b21c4aa6450d16295e4eec30356a06a911c23983aaebe12d5da38eeebfc1b213be650498df8419194d5a26c7e0a50af156853c79', 'demo', 0, '', '2017-07-04 19:52:33'),
	(6, 'enzocarvalho@eduqmais.com.br', '692.991.865-28', 'Enzo Carvalho', '1991-10-11', 5, '(10) 98480-6560', 2, NULL, '26c669cd0814ac40e5328752b21c4aa6450d16295e4eec30356a06a911c23983aaebe12d5da38eeebfc1b213be650498df8419194d5a26c7e0a50af156853c79', 'demo', 0, '', '2017-07-04 19:52:34'),
	(7, 'pietrocarvalho@eduqmais.com.br', '382.754.870-27', 'Pietro Carvalho', '1992-11-11', 5, '(10) 93217-2245', 2, NULL, '26c669cd0814ac40e5328752b21c4aa6450d16295e4eec30356a06a911c23983aaebe12d5da38eeebfc1b213be650498df8419194d5a26c7e0a50af156853c79', 'demo', 0, '', '2017-07-04 19:52:34'),
	(8, 'melissarodrigues@eduqmais.com.br', '493.324.689-44', 'Melissa Rodrigues', '1994-10-21', 5, '(10) 91040-5406', 2, NULL, '26c669cd0814ac40e5328752b21c4aa6450d16295e4eec30356a06a911c23983aaebe12d5da38eeebfc1b213be650498df8419194d5a26c7e0a50af156853c79', 'demo', 0, '', '2017-07-04 19:52:35'),
	(9, 'augustosantos@eduqmais.com.br', '224.322.541-39', 'Augusto Santos', '1966-12-25', 5, '(10) 95723-9429', 2, NULL, '26c669cd0814ac40e5328752b21c4aa6450d16295e4eec30356a06a911c23983aaebe12d5da38eeebfc1b213be650498df8419194d5a26c7e0a50af156853c79', 'demo', 0, '', '2017-07-04 19:52:35'),
	(10, 'allanacosta@eduqmais.com.br', '248.464.483-82', 'Allana Costa', '1956-10-16', 5, '(10) 97665-8232', 2, NULL, '26c669cd0814ac40e5328752b21c4aa6450d16295e4eec30356a06a911c23983aaebe12d5da38eeebfc1b213be650498df8419194d5a26c7e0a50af156853c79', 'demo', 0, '', '2017-07-04 19:52:36'),
	(11, 'laranascimento@eduqmais.com.br', '177.367.351-71', 'Lara Nascimento', '1954-12-22', 5, '(10) 92097-9598', 2, NULL, '26c669cd0814ac40e5328752b21c4aa6450d16295e4eec30356a06a911c23983aaebe12d5da38eeebfc1b213be650498df8419194d5a26c7e0a50af156853c79', 'demo', 0, '', '2017-07-04 19:52:36'),
	(12, 'luizarodrigues@eduqmais.com.br', '327.827.371-54', 'Luiza Rodrigues', '1977-11-20', 5, '(10) 93655-3711', 2, NULL, '26c669cd0814ac40e5328752b21c4aa6450d16295e4eec30356a06a911c23983aaebe12d5da38eeebfc1b213be650498df8419194d5a26c7e0a50af156853c79', 'demo', 0, '', '2017-07-04 19:52:37'),
	(13, 'luccacosta@eduqmais.com.br', '889.503.389-67', 'Lucca Costa', '1964-12-28', 5, '(10) 92352-8024', 2, NULL, '26c669cd0814ac40e5328752b21c4aa6450d16295e4eec30356a06a911c23983aaebe12d5da38eeebfc1b213be650498df8419194d5a26c7e0a50af156853c79', 'demo', 0, '', '2017-07-04 19:52:37'),
	(14, 'ceciliasilva@eduqmais.com.br', '542.297.155-34', 'Cecília Silva', '1973-10-19', 5, '(10) 99115-8354', 2, NULL, '26c669cd0814ac40e5328752b21c4aa6450d16295e4eec30356a06a911c23983aaebe12d5da38eeebfc1b213be650498df8419194d5a26c7e0a50af156853c79', 'demo', 0, '', '2017-07-04 19:52:38'),
	(15, 'milenaoliveira@eduqmais.com.br', '386.581.258-89', 'Milena Oliveira', '1980-12-22', 5, '(10) 92994-1989', 2, NULL, '26c669cd0814ac40e5328752b21c4aa6450d16295e4eec30356a06a911c23983aaebe12d5da38eeebfc1b213be650498df8419194d5a26c7e0a50af156853c79', 'demo', 0, '', '2017-07-04 19:52:38'),
	(16, 'theocarvalho@eduqmais.com.br', '169.482.339-85', 'Theo Carvalho', '1957-11-19', 5, '(10) 99990-6296', 2, NULL, '26c669cd0814ac40e5328752b21c4aa6450d16295e4eec30356a06a911c23983aaebe12d5da38eeebfc1b213be650498df8419194d5a26c7e0a50af156853c79', 'demo', 0, '', '2017-07-04 19:52:39'),
	(17, 'luancosta@eduqmais.com.br', '589.551.536-22', 'Luan Costa', '1969-11-24', 5, '(10) 94695-8681', 2, NULL, '26c669cd0814ac40e5328752b21c4aa6450d16295e4eec30356a06a911c23983aaebe12d5da38eeebfc1b213be650498df8419194d5a26c7e0a50af156853c79', 'demo', 0, '', '2017-07-04 19:52:39'),
	(18, 'pedroribeiro@eduqmais.com.br', '655.962.427-13', 'Pedro Ribeiro', '1980-12-14', 5, '(10) 94526-3493', 2, NULL, '26c669cd0814ac40e5328752b21c4aa6450d16295e4eec30356a06a911c23983aaebe12d5da38eeebfc1b213be650498df8419194d5a26c7e0a50af156853c79', 'demo', 0, '', '2017-07-04 19:52:40'),
	(19, 'luanalima@eduqmais.com.br', '939.733.985-64', 'Luana Lima', '1980-12-24', 1, '(10) 92155-6973', 2, NULL, '26c669cd0814ac40e5328752b21c4aa6450d16295e4eec30356a06a911c23983aaebe12d5da38eeebfc1b213be650498df8419194d5a26c7e0a50af156853c79', 'demo', 0, '', '2017-07-04 19:52:40');
/*!40000 ALTER TABLE `admin` ENABLE KEYS */;

-- Copiando estrutura para tabela intercom.admin_entidade
CREATE TABLE IF NOT EXISTS `admin_entidade` (
  `id` int(10) unsigned NOT NULL AUTO_INCREMENT COMMENT 'id hidden',
  `idAdmin` int(10) unsigned NOT NULL,
  `idEntidade` int(10) unsigned NOT NULL COMMENT 'f v [Escola]',
  `idAdmin_Tipo` int(10) unsigned NOT NULL COMMENT 'f  [Tipo] nd',
  PRIMARY KEY (`id`),
  KEY `idAdmin_idEscola` (`idAdmin`,`idEntidade`),
  KEY `idAdmin_Tipo` (`idAdmin_Tipo`),
  KEY `FK_smsescola_admin_escola_smsescola_escola` (`idEntidade`),
  CONSTRAINT `FK_smsescola_admin_escola_admin` FOREIGN KEY (`idAdmin`) REFERENCES `admin` (`id`) ON DELETE CASCADE ON UPDATE CASCADE,
  CONSTRAINT `FK_smsescola_admin_escola_smsescola_escola` FOREIGN KEY (`idEntidade`) REFERENCES `entidade` (`id`) ON DELETE CASCADE ON UPDATE CASCADE
) ENGINE=InnoDB AUTO_INCREMENT=54 DEFAULT CHARSET=utf8;

-- Copiando dados para a tabela intercom.admin_entidade: ~30 rows (aproximadamente)
/*!40000 ALTER TABLE `admin_entidade` DISABLE KEYS */;
INSERT INTO `admin_entidade` (`id`, `idAdmin`, `idEntidade`, `idAdmin_Tipo`) VALUES
	(22, 2, 10, 1),
	(23, 2, 11, 1),
	(24, 2, 12, 1),
	(25, 2, 13, 1),
	(26, 2, 14, 1),
	(27, 3, 10, 1),
	(28, 3, 11, 1),
	(29, 3, 12, 1),
	(30, 3, 13, 1),
	(31, 3, 14, 1),
	(32, 4, 10, 1),
	(33, 4, 11, 1),
	(34, 4, 12, 1),
	(35, 4, 13, 1),
	(36, 4, 14, 1),
	(37, 5, 10, 1),
	(38, 6, 10, 1),
	(39, 7, 10, 1),
	(40, 8, 11, 1),
	(41, 9, 11, 1),
	(42, 10, 11, 1),
	(43, 11, 12, 1),
	(44, 12, 12, 1),
	(45, 13, 12, 1),
	(46, 14, 13, 1),
	(47, 15, 13, 1),
	(48, 16, 13, 1),
	(49, 17, 14, 1),
	(50, 18, 14, 1),
	(51, 19, 14, 1),
	(52, 1, 14, 1);
/*!40000 ALTER TABLE `admin_entidade` ENABLE KEYS */;

-- Copiando estrutura para tabela intercom.admin_tipo
CREATE TABLE IF NOT EXISTS `admin_tipo` (
  `id` int(10) unsigned NOT NULL COMMENT 'id hidden',
  `nome` varchar(250) NOT NULL COMMENT 'v c [Nome]',
  `idAcl` int(11) unsigned NOT NULL COMMENT 'f',
  PRIMARY KEY (`id`),
  KEY `idAcl` (`idAcl`),
  CONSTRAINT `FK__smsescola_acl` FOREIGN KEY (`idAcl`) REFERENCES `acl` (`id`) ON DELETE CASCADE ON UPDATE CASCADE
) ENGINE=InnoDB DEFAULT CHARSET=utf8;

-- Copiando dados para a tabela intercom.admin_tipo: ~5 rows (aproximadamente)
/*!40000 ALTER TABLE `admin_tipo` DISABLE KEYS */;
INSERT INTO `admin_tipo` (`id`, `nome`, `idAcl`) VALUES
	(1, 'Admin', 1),
	(2, 'Project Manager', 2),
	(3, 'Regional Director', 3),
	(4, 'School Director', 4),
	(5, 'Coordinator', 5);
/*!40000 ALTER TABLE `admin_tipo` ENABLE KEYS */;

-- Copiando estrutura para tabela intercom.cadastrador_formulario
CREATE TABLE IF NOT EXISTS `cadastrador_formulario` (
  `id` int(11) unsigned NOT NULL AUTO_INCREMENT COMMENT 'id hidden',
  `idAdmin` int(11) unsigned NOT NULL,
  `idFormulario` int(11) unsigned DEFAULT NULL COMMENT 'v [Formulário] f nd null cr',
  `numero` int(11) unsigned NOT NULL COMMENT 'v [Cadastros] number',
  `respondido` int(11) unsigned NOT NULL DEFAULT '0' COMMENT 'v read-only [Respondidos] number',
  `pre` tinyint(1) unsigned NOT NULL DEFAULT '0' COMMENT 'v [Pré_Lista] check',
  PRIMARY KEY (`id`),
  KEY `idFormulario` (`idFormulario`),
  KEY `idAdmin` (`idAdmin`),
  CONSTRAINT `FK_formulario_cadastrador_admin` FOREIGN KEY (`idAdmin`) REFERENCES `admin` (`id`) ON DELETE CASCADE ON UPDATE CASCADE,
  CONSTRAINT `FK_formulario_cadastrador_formulario` FOREIGN KEY (`idFormulario`) REFERENCES `formulario` (`id`) ON DELETE CASCADE ON UPDATE CASCADE
) ENGINE=InnoDB DEFAULT CHARSET=utf8;

-- Copiando dados para a tabela intercom.cadastrador_formulario: ~1 rows (aproximadamente)
/*!40000 ALTER TABLE `cadastrador_formulario` DISABLE KEYS */;
/*!40000 ALTER TABLE `cadastrador_formulario` ENABLE KEYS */;

-- Copiando estrutura para tabela intercom.celular_operadora
CREATE TABLE IF NOT EXISTS `celular_operadora` (
  `id` tinyint(3) unsigned NOT NULL AUTO_INCREMENT COMMENT 'id hidden',
  `nome` varchar(250) NOT NULL COMMENT 'required visible column',
  PRIMARY KEY (`id`)
) ENGINE=InnoDB AUTO_INCREMENT=7 DEFAULT CHARSET=utf8;

-- Copiando dados para a tabela intercom.celular_operadora: ~6 rows (aproximadamente)
/*!40000 ALTER TABLE `celular_operadora` DISABLE KEYS */;
INSERT INTO `celular_operadora` (`id`, `nome`) VALUES
	(1, 'OI'),
	(2, 'Vivo'),
	(3, 'Tim'),
	(4, 'Claro'),
	(5, 'Nextel'),
	(6, 'Não Sei');
/*!40000 ALTER TABLE `celular_operadora` ENABLE KEYS */;

-- Copiando estrutura para tabela intercom.config
CREATE TABLE IF NOT EXISTS `config` (
  `id` int(11) unsigned NOT NULL AUTO_INCREMENT COMMENT 'id hidden',
  `chave` varchar(250) NOT NULL COMMENT 'column required visible [Chave] slug sort',
  `idConfig_Categoria` int(11) unsigned NOT NULL COMMENT 'column required visible filter [Categoria] foreign',
  `nome` varchar(250) NOT NULL COMMENT 'column required visible [Nome]',
  `valor` varchar(250) NOT NULL COMMENT 'column  visible [Valor]',
  PRIMARY KEY (`id`),
  KEY `idConfig_Categoria` (`idConfig_Categoria`)
) ENGINE=InnoDB AUTO_INCREMENT=8 DEFAULT CHARSET=utf8;

-- Copiando dados para a tabela intercom.config: ~3 rows (aproximadamente)
/*!40000 ALTER TABLE `config` DISABLE KEYS */;
INSERT INTO `config` (`id`, `chave`, `idConfig_Categoria`, `nome`, `valor`) VALUES
	(1, 'api_idgrupo', 2, 'Id do Grupo', '398'),
	(2, 'api_data_intercom', 2, 'Nome Campo Data Referência', 'data_intercom'),
	(3, 'api_mensagem_intercom', 2, 'Nome Campo Mensagem', 'mensagem_intercom');
/*!40000 ALTER TABLE `config` ENABLE KEYS */;

-- Copiando estrutura para tabela intercom.config_categoria
CREATE TABLE IF NOT EXISTS `config_categoria` (
  `id` int(11) unsigned NOT NULL AUTO_INCREMENT,
  `nome` varchar(250) NOT NULL,
  PRIMARY KEY (`id`)
) ENGINE=InnoDB AUTO_INCREMENT=3 DEFAULT CHARSET=utf8;

-- Copiando dados para a tabela intercom.config_categoria: ~2 rows (aproximadamente)
/*!40000 ALTER TABLE `config_categoria` DISABLE KEYS */;
INSERT INTO `config_categoria` (`id`, `nome`) VALUES
	(1, 'Dados de Contato'),
	(2, 'API');
/*!40000 ALTER TABLE `config_categoria` ENABLE KEYS */;

-- Copiando estrutura para tabela intercom.dimensao
CREATE TABLE IF NOT EXISTS `dimensao` (
  `id` int(10) unsigned NOT NULL AUTO_INCREMENT COMMENT 'id hidden',
  `nome` varchar(250) DEFAULT NULL COMMENT 'v c [Descrição] order',
  `texto_envio` text COMMENT 'v  [Texto_Envio]',
  `dimensao_descricao` varchar(250) DEFAULT NULL COMMENT 'v 1n [Notas]',
  PRIMARY KEY (`id`)
) ENGINE=InnoDB AUTO_INCREMENT=8 DEFAULT CHARSET=utf8;

-- Copiando dados para a tabela intercom.dimensao: ~4 rows (aproximadamente)
/*!40000 ALTER TABLE `dimensao` DISABLE KEYS */;
INSERT INTO `dimensao` (`id`, `nome`, `texto_envio`, `dimensao_descricao`) VALUES
	(4, 'Grades', 'SCHOOL: We would like to inform that @name got @info_aluno.', ''),
	(5, 'Attendance', 'SCHOOL: We would like to inform that @name @info_aluno.', ''),
	(7, 'Assignment Completion', 'SCHOOL: We would like to inform that @name @info_aluno.', '');
/*!40000 ALTER TABLE `dimensao` ENABLE KEYS */;

-- Copiando estrutura para tabela intercom.dimensao_descricao
CREATE TABLE IF NOT EXISTS `dimensao_descricao` (
  `id` int(10) unsigned NOT NULL AUTO_INCREMENT COMMENT 'id hidden',
  `idDimensao` int(10) unsigned NOT NULL COMMENT 'f',
  `valor` int(10) unsigned NOT NULL COMMENT 'v [Valor]',
  `descricao` varchar(250) NOT NULL COMMENT 'v [Descrição]',
  PRIMARY KEY (`id`),
  KEY `idDimensao` (`idDimensao`),
  CONSTRAINT `FK__smsescola_dimensao` FOREIGN KEY (`idDimensao`) REFERENCES `dimensao` (`id`) ON DELETE CASCADE ON UPDATE CASCADE
) ENGINE=InnoDB AUTO_INCREMENT=24 DEFAULT CHARSET=utf8;

-- Copiando dados para a tabela intercom.dimensao_descricao: ~13 rows (aproximadamente)
/*!40000 ALTER TABLE `dimensao_descricao` DISABLE KEYS */;
INSERT INTO `dimensao_descricao` (`id`, `idDimensao`, `valor`, `descricao`) VALUES
	(5, 4, 1, 'grade between 0 and 2'),
	(6, 4, 2, 'grade between 2 and 4'),
	(7, 4, 3, 'grade between 4 and 6'),
	(8, 4, 4, 'grade between 6 and 8'),
	(9, 4, 5, 'grade between 8 and 10'),
	(12, 5, 1, 'missed more than 5 classes'),
	(13, 5, 2, 'missed betwenn 3 and 5 classes'),
	(14, 5, 3, 'missed less than 3 classes'),
	(15, 5, 4, 'didn\'t miss any class'),
	(20, 7, 1, 'handed less than 50% of its homework'),
	(21, 7, 2, 'handed between 50% and 85% of its homework'),
	(22, 7, 3, 'handed more than 85% of its homework'),
	(23, 7, 4, 'handed all of its homework');
/*!40000 ALTER TABLE `dimensao_descricao` ENABLE KEYS */;

-- Copiando estrutura para tabela intercom.entidade
CREATE TABLE IF NOT EXISTS `entidade` (
  `id` int(10) unsigned NOT NULL AUTO_INCREMENT COMMENT 'id hidden',
  `nome` varchar(250) NOT NULL COMMENT 'r c filter [*Entidade]',
  `codigo` varchar(250) NOT NULL COMMENT 'r c [Código]',
  `diretoria` varchar(250) NOT NULL COMMENT 'r c [Diretoria]',
  `distrito` varchar(250) NOT NULL COMMENT 'r c [Distrito]',
  `município` varchar(250) NOT NULL COMMENT 'r c [Municipio]',
  `email` varchar(250) NOT NULL COMMENT 'email v c',
  `eventos` varchar(250) NOT NULL COMMENT 'check v c [Eventos]',
  `avaliacao` varchar(250) NOT NULL COMMENT 'check v c [Avaliacao]',
  PRIMARY KEY (`id`)
) ENGINE=InnoDB AUTO_INCREMENT=19 DEFAULT CHARSET=utf8;

-- Copiando dados para a tabela intercom.entidade: ~9 rows (aproximadamente)
/*!40000 ALTER TABLE `entidade` DISABLE KEYS */;
INSERT INTO `entidade` (`id`, `nome`, `codigo`, `diretoria`, `distrito`, `município`, `email`, `eventos`, `avaliacao`) VALUES
	(10, 'Emilio Sendimo', 'Emi10ABC', 'Sobra', 'Sobral/CE', 'Sobral/CE', 'Emi10@eduqmais.com.br', '1', '1'),
	(11, 'Francisco Severo de Araujo (EEF)', 'Fra11ABC', 'Massa', 'Massapê/CE', 'Massapê/CE', 'Fra11@eduqmais.com.br', '1', '1'),
	(12, 'Francisco Rufino (EEF)', 'Fra12ABC', 'Novo ', 'Novo Oriente/CE', 'Novo Oriente/CE', 'Fra12@eduqmais.com.br', '1', '1'),
	(13, 'Escola Municipal Adolpho Bartsch', 'Esc13ABC', 'Joinv', 'Joinville/SC', 'Joinville/SC', 'Esc13@eduqmais.com.br', '1', '1'),
	(14, 'Alvaro de Almeida Professor (EMEF)', 'Alv14ABC', 'Valpa', 'Valparaíso/SP', 'Valparaíso/SP', 'Alv14@eduqmais.com.br', '1', '1'),
	(15, 'Engenheiro Marcio Aguiar da Cunha (EE)', 'Eng15ABC', 'Ipati', 'Ipatinga/MG', 'Ipatinga/MG', 'Eng15@eduqmais.com.br', '1', '1'),
	(16, 'Doutor Arthur Bernardes (EE)', 'Dou16ABC', 'Sete ', 'Sete Lagoas/MG', 'Sete Lagoas/MG', 'Dou16@eduqmais.com.br', '1', '1'),
	(17, 'Professora Carlota de Negreiros Rocha', 'Pro17ABC', 'Maríl', 'Marília/SP', 'Marília/SP', 'Pro17@eduqmais.com.br', '1', '1'),
	(18, 'Escola Estadual Professor Gilberto Mestrinho', 'Esc18ABC', 'Berur', 'Beruri/AM', 'Beruri/AM', 'Esc18@eduqmais.com.br', '1', '1');
/*!40000 ALTER TABLE `entidade` ENABLE KEYS */;

-- Copiando estrutura para tabela intercom.entidade_agrupamento
CREATE TABLE IF NOT EXISTS `entidade_agrupamento` (
  `id` int(10) unsigned NOT NULL AUTO_INCREMENT COMMENT 'id hidden',
  `idEntidade` int(10) unsigned NOT NULL COMMENT 'foreign [*Entidade] hidden',
  `nome` varchar(50) NOT NULL COMMENT 'r c order [Nome]',
  `idAdmin` int(10) unsigned DEFAULT NULL COMMENT 'c [Professor_Responsável]  f nd',
  `entidade_agrupamento_grupo` tinyint(3) unsigned NOT NULL COMMENT 'v 1n [Configuração]',
  PRIMARY KEY (`id`),
  KEY `idEscola` (`idEntidade`),
  KEY `idProfessor` (`idAdmin`),
  CONSTRAINT `FK_smsescola_escola_turma_admin` FOREIGN KEY (`idAdmin`) REFERENCES `admin` (`id`) ON DELETE SET NULL ON UPDATE SET NULL,
  CONSTRAINT `FK_smsescola_escola_turma_smsescola_escola` FOREIGN KEY (`idEntidade`) REFERENCES `entidade` (`id`) ON DELETE CASCADE ON UPDATE CASCADE
) ENGINE=InnoDB AUTO_INCREMENT=28 DEFAULT CHARSET=utf8;

-- Copiando dados para a tabela intercom.entidade_agrupamento: ~27 rows (aproximadamente)
/*!40000 ALTER TABLE `entidade_agrupamento` DISABLE KEYS */;
INSERT INTO `entidade_agrupamento` (`id`, `idEntidade`, `nome`, `idAdmin`, `entidade_agrupamento_grupo`) VALUES
	(1, 10, '6th grade - Algebra I', 5, 0),
	(2, 10, '6th grade - Reading', 6, 0),
	(3, 10, '6th grade - World History', 7, 0),
	(4, 11, '6th grade - Algebra I', 8, 0),
	(5, 11, '6th grade - Reading', 9, 0),
	(6, 11, '6th grade - World History', 10, 0),
	(7, 12, '6th grade - Algebra I', 11, 0),
	(8, 12, '6th grade - Reading', 12, 0),
	(9, 12, '6th grade - World History', 13, 0),
	(10, 13, '6th grade - Algebra I', 14, 0),
	(11, 13, '6th grade - Reading', 15, 0),
	(12, 13, '6th grade - World History', 16, 0),
	(13, 14, '6th grade - Algebra I', 17, 0),
	(14, 14, '6th grade - Reading', 18, 0),
	(15, 14, '6th grade - World History', 19, 0),
	(16, 15, '6th grade - Algebra I', NULL, 0),
	(17, 15, '6th grade - Reading', NULL, 0),
	(18, 15, '6th grade - World History', NULL, 0),
	(19, 16, '6th grade - Algebra I', NULL, 0),
	(20, 16, '6th grade - Reading', NULL, 0),
	(21, 16, '6th grade - World History', NULL, 0),
	(22, 17, '6th grade - Algebra I', NULL, 0),
	(23, 17, '6th grade - Reading', NULL, 0),
	(24, 17, '6th grade - World History', NULL, 0),
	(25, 18, '6th grade - Algebra I', NULL, 0),
	(26, 18, '6th grade - Reading', NULL, 0),
	(27, 18, '6th grade - World History', NULL, 0);
/*!40000 ALTER TABLE `entidade_agrupamento` ENABLE KEYS */;

-- Copiando estrutura para tabela intercom.entidade_agrupamento_grupo
CREATE TABLE IF NOT EXISTS `entidade_agrupamento_grupo` (
  `id` int(10) unsigned NOT NULL AUTO_INCREMENT,
  `idEntidade_agrupamento` int(10) unsigned DEFAULT NULL,
  `idEntidade_classificacao` int(10) unsigned DEFAULT NULL COMMENT 'r f [Grupo] &entidade_classificacao_valor|idEntidade_classificacao_valor& foreign2 !entidade_classificacao|idEntidade! -14',
  `idEntidade_classificacao_valor` int(10) unsigned DEFAULT NULL COMMENT 'r  [Classificação] f ',
  PRIMARY KEY (`id`),
  KEY `FK__smsescola_entidade_grupo2` (`idEntidade_classificacao`),
  KEY `FK__smsescola_entidade_grupo_valor2` (`idEntidade_classificacao_valor`),
  KEY `FK__smsescola_entidade_turma2` (`idEntidade_agrupamento`),
  CONSTRAINT `FK__smsescola_entidade_grupo2` FOREIGN KEY (`idEntidade_classificacao`) REFERENCES `entidade_classificacao` (`id`) ON DELETE CASCADE ON UPDATE CASCADE,
  CONSTRAINT `FK__smsescola_entidade_grupo_valor2` FOREIGN KEY (`idEntidade_classificacao_valor`) REFERENCES `entidade_classificacao_valor` (`id`) ON DELETE CASCADE ON UPDATE CASCADE,
  CONSTRAINT `FK__smsescola_entidade_turma2` FOREIGN KEY (`idEntidade_agrupamento`) REFERENCES `entidade_agrupamento` (`id`) ON DELETE CASCADE ON UPDATE CASCADE
) ENGINE=InnoDB AUTO_INCREMENT=73 DEFAULT CHARSET=utf8;

-- Copiando dados para a tabela intercom.entidade_agrupamento_grupo: ~0 rows (aproximadamente)
/*!40000 ALTER TABLE `entidade_agrupamento_grupo` DISABLE KEYS */;
INSERT INTO `entidade_agrupamento_grupo` (`id`, `idEntidade_agrupamento`, `idEntidade_classificacao`, `idEntidade_classificacao_valor`) VALUES
	(72, 1, 1, 101);
/*!40000 ALTER TABLE `entidade_agrupamento_grupo` ENABLE KEYS */;

-- Copiando estrutura para tabela intercom.entidade_classificacao
CREATE TABLE IF NOT EXISTS `entidade_classificacao` (
  `id` int(10) unsigned NOT NULL AUTO_INCREMENT COMMENT 'id hidden',
  `idEntidade` int(10) unsigned NOT NULL COMMENT 'foreign [*Entidade] nd   hidden',
  `nome` varchar(250) NOT NULL COMMENT 'r c [Nome]',
  `entidade_classificacao_valor` tinyint(1) unsigned NOT NULL COMMENT '1n v [Valores]',
  `ordem` int(10) unsigned NOT NULL DEFAULT '1' COMMENT 'order ordem',
  PRIMARY KEY (`id`),
  KEY `idEscola` (`idEntidade`),
  CONSTRAINT `FK_smsescola_entidade_grupo_smsescola_entidade` FOREIGN KEY (`idEntidade`) REFERENCES `entidade` (`id`) ON DELETE CASCADE ON UPDATE CASCADE
) ENGINE=InnoDB AUTO_INCREMENT=17 DEFAULT CHARSET=utf8;

-- Copiando dados para a tabela intercom.entidade_classificacao: ~16 rows (aproximadamente)
/*!40000 ALTER TABLE `entidade_classificacao` DISABLE KEYS */;
INSERT INTO `entidade_classificacao` (`id`, `idEntidade`, `nome`, `entidade_classificacao_valor`, `ordem`) VALUES
	(1, 10, 'Grade', 0, 1),
	(2, 10, 'Subject', 0, 1),
	(3, 11, 'Grade', 0, 1),
	(4, 11, 'Subject', 0, 1),
	(5, 13, 'Grade', 0, 1),
	(6, 13, 'Subject', 0, 1),
	(7, 14, 'Grade', 0, 1),
	(8, 14, 'Subject', 0, 1),
	(9, 15, 'Grade', 0, 1),
	(10, 15, 'Subject', 0, 1),
	(11, 16, 'Grade', 0, 1),
	(12, 16, 'Subject', 0, 1),
	(13, 17, 'Grade', 0, 1),
	(14, 17, 'Subject', 0, 1),
	(15, 18, 'Grade', 0, 1),
	(16, 18, 'Subject', 0, 1);
/*!40000 ALTER TABLE `entidade_classificacao` ENABLE KEYS */;

-- Copiando estrutura para tabela intercom.entidade_classificacao_valor
CREATE TABLE IF NOT EXISTS `entidade_classificacao_valor` (
  `id` int(10) unsigned NOT NULL AUTO_INCREMENT COMMENT 'id hidden',
  `idEntidade_classificacao` int(10) unsigned NOT NULL,
  `nome` varchar(250) NOT NULL COMMENT '[Valor] v',
  PRIMARY KEY (`id`),
  KEY `idGrupo` (`idEntidade_classificacao`),
  CONSTRAINT `FK_smsescolaola_entidade_classificacao` FOREIGN KEY (`idEntidade_classificacao`) REFERENCES `entidade_classificacao` (`id`) ON DELETE CASCADE ON UPDATE CASCADE
) ENGINE=InnoDB AUTO_INCREMENT=157 DEFAULT CHARSET=utf8;

-- Copiando dados para a tabela intercom.entidade_classificacao_valor: ~56 rows (aproximadamente)
/*!40000 ALTER TABLE `entidade_classificacao_valor` DISABLE KEYS */;
INSERT INTO `entidade_classificacao_valor` (`id`, `idEntidade_classificacao`, `nome`) VALUES
	(101, 1, '6th grade'),
	(102, 1, '7th grade'),
	(103, 1, '8th grade'),
	(104, 2, 'Reading'),
	(105, 2, 'Geometry'),
	(106, 2, 'Algebra I'),
	(107, 2, 'World History'),
	(108, 3, '6th grade'),
	(109, 3, '7th grade'),
	(110, 3, '8th grade'),
	(111, 4, 'Reading'),
	(112, 4, 'Geometry'),
	(113, 4, 'Algebra I'),
	(114, 4, 'World History'),
	(115, 5, '6th grade'),
	(116, 5, '7th grade'),
	(117, 5, '8th grade'),
	(118, 6, 'Reading'),
	(119, 6, 'Geometry'),
	(120, 6, 'Algebra I'),
	(121, 6, 'World History'),
	(122, 7, '6th grade'),
	(123, 7, '7th grade'),
	(124, 7, '8th grade'),
	(125, 8, 'Reading'),
	(126, 8, 'Geometry'),
	(127, 8, 'Algebra I'),
	(128, 8, 'World History'),
	(129, 9, '6th grade'),
	(130, 9, '7th grade'),
	(131, 9, '8th grade'),
	(132, 10, 'Reading'),
	(133, 10, 'Geometry'),
	(134, 10, 'Algebra I'),
	(135, 10, 'World History'),
	(136, 11, '6th grade'),
	(137, 11, '7th grade'),
	(138, 11, '8th grade'),
	(139, 12, 'Reading'),
	(140, 12, 'Geometry'),
	(141, 12, 'Algebra I'),
	(142, 12, 'World History'),
	(143, 13, '6th grade'),
	(144, 13, '7th grade'),
	(145, 13, '8th grade'),
	(146, 14, 'Reading'),
	(147, 14, 'Geometry'),
	(148, 14, 'Algebra I'),
	(149, 14, 'World History'),
	(150, 15, '6th grade'),
	(151, 15, '7th grade'),
	(152, 15, '8th grade'),
	(153, 16, 'Reading'),
	(154, 16, 'Geometry'),
	(155, 16, 'Algebra I'),
	(156, 16, 'World History');
/*!40000 ALTER TABLE `entidade_classificacao_valor` ENABLE KEYS */;

-- Copiando estrutura para tabela intercom.entidade_evento
CREATE TABLE IF NOT EXISTS `entidade_evento` (
  `id` int(10) unsigned NOT NULL AUTO_INCREMENT COMMENT 'id hidden',
  `idEntidade` int(10) unsigned NOT NULL,
  `nome` varchar(250) NOT NULL COMMENT 'v',
  `descricao` varchar(250) NOT NULL COMMENT 'v',
  `cor` varchar(250) NOT NULL COMMENT 'v color',
  `data` date NOT NULL,
  `hora` time NOT NULL COMMENT 'v time',
  `sms` int(3) NOT NULL COMMENT 'v sms',
  PRIMARY KEY (`id`),
  KEY `idEscola` (`idEntidade`),
  CONSTRAINT `FK_smsescola_escola_evento_smsescola_escola` FOREIGN KEY (`idEntidade`) REFERENCES `entidade` (`id`) ON DELETE CASCADE ON UPDATE CASCADE
) ENGINE=InnoDB AUTO_INCREMENT=98 DEFAULT CHARSET=utf8;

-- Copiando dados para a tabela intercom.entidade_evento: ~56 rows (aproximadamente)
/*!40000 ALTER TABLE `entidade_evento` DISABLE KEYS */;
INSERT INTO `entidade_evento` (`id`, `idEntidade`, `nome`, `descricao`, `cor`, `data`, `hora`, `sms`) VALUES
	(1, 14, 'Event Twfbwss', 'Random event description', '#0000ff', '2017-08-27', '21:00:00', 17),
	(2, 18, 'Event Qjvdpjt', 'Random event description', '#00ff00', '2017-06-05', '14:45:00', 1),
	(3, 16, 'Event Qasytbq', 'Random event description', '#00ff00', '2017-10-13', '22:45:00', 1),
	(4, 10, 'Event Sufwwfv', 'Random event description', '#0000ff', '2017-12-16', '20:30:00', 1),
	(5, 14, 'Event Tukvlgz', 'Random event description', '#ff0000', '2017-09-02', '16:15:00', 17),
	(6, 13, 'Event Vjmzaxh', 'Random event description', '#000', '2017-06-03', '16:45:00', 7),
	(7, 14, 'Event Axbaliy', 'Random event description', '#ff0000', '2017-11-09', '22:15:00', 1),
	(8, 16, 'Event Nptofzp', 'Random event description', '#00ff00', '2017-07-10', '18:15:00', 7),
	(9, 17, 'Event Nucqhlb', 'Random event description', '#0000ff', '2017-11-11', '17:30:00', 17),
	(10, 16, 'Event Rcgwshj', 'Random event description', '#000', '2017-12-22', '23:45:00', 7),
	(11, 11, 'Event Ikfknuv', 'Random event description', '#00ff00', '2017-10-08', '19:00:00', 17),
	(12, 15, 'Event Chrrvfq', 'Random event description', '#00ff00', '2017-08-19', '20:00:00', 17),
	(13, 11, 'Event Hetcyve', 'Random event description', '#000', '2017-11-20', '15:45:00', 7),
	(14, 18, 'Event Txdeqmh', 'Random event description', '#000', '2017-09-03', '22:30:00', 17),
	(15, 12, 'Event Okxikak', 'Random event description', '#ff0000', '2017-10-23', '23:15:00', 7),
	(16, 18, 'Event Ryfnbia', 'Random event description', '#000', '2017-07-27', '15:30:00', 1),
	(17, 18, 'Event Enscjvp', 'Random event description', '#0000ff', '2017-11-03', '21:45:00', 17),
	(18, 12, 'Event Ulisess', 'Random event description', '#000', '2017-10-26', '10:30:00', 1),
	(19, 18, 'Event Drdggrp', 'Random event description', '#000', '2017-11-12', '18:15:00', 1),
	(20, 17, 'Event Hbodalq', 'Random event description', '#0000ff', '2017-10-09', '19:45:00', 1),
	(21, 17, 'Event Iyjucwc', 'Random event description', '#00ff00', '2017-07-18', '10:45:00', 7),
	(22, 13, 'Event Ymumbim', 'Random event description', '#000', '2017-10-16', '12:15:00', 1),
	(23, 11, 'Event Orocthc', 'Random event description', '#00ff00', '2017-08-02', '10:15:00', 17),
	(24, 16, 'Event Azwlflb', 'Random event description', '#00ff00', '2017-11-19', '12:00:00', 17),
	(25, 10, 'Event Gzwujrp', 'Random event description', '#ff0000', '2017-11-12', '13:15:00', 17),
	(26, 18, 'Event Umtkqrj', 'Random event description', '#ff0000', '2017-10-02', '17:30:00', 17),
	(27, 15, 'Event Piwufam', 'Random event description', '#0000ff', '2017-11-09', '21:15:00', 7),
	(28, 12, 'Event Cobipnx', 'Random event description', '#00ff00', '2017-08-08', '22:45:00', 1),
	(29, 15, 'Event Qyicqpg', 'Random event description', '#000', '2017-06-21', '15:30:00', 7),
	(30, 14, 'Event Vzejypa', 'Random event description', '#00ff00', '2017-12-09', '18:30:00', 17),
	(31, 13, 'Event Pncupyd', 'Random event description', '#ff0000', '2017-09-01', '21:15:00', 17),
	(32, 14, 'Event Bpgbapn', 'Random event description', '#ff0000', '2017-12-09', '11:45:00', 17),
	(33, 14, 'Event Vzsyjiw', 'Random event description', '#000', '2017-12-25', '23:15:00', 1),
	(34, 15, 'Event Itmoqvl', 'Random event description', '#0000ff', '2017-10-03', '13:45:00', 7),
	(35, 12, 'Event Jgphybs', 'Random event description', '#000', '2017-08-08', '21:45:00', 1),
	(36, 10, 'Event Kpattmw', 'Random event description', '#00ff00', '2017-07-26', '21:30:00', 7),
	(37, 11, 'Event Jiguvkl', 'Random event description', '#ff0000', '2017-06-17', '22:30:00', 7),
	(38, 12, 'Event Ygyvatm', 'Random event description', '#000', '2017-12-02', '19:15:00', 1),
	(39, 11, 'Event Crqzyin', 'Random event description', '#ff0000', '2017-06-18', '14:00:00', 17),
	(40, 18, 'Event Jjnerku', 'Random event description', '#ff0000', '2017-06-24', '19:00:00', 1),
	(41, 13, 'Event Tkaoxlv', 'Random event description', '#0000ff', '2017-08-01', '13:00:00', 17),
	(42, 14, 'Event Qvexyna', 'Random event description', '#00ff00', '2017-09-12', '19:15:00', 1),
	(43, 17, 'Event Lntmqbz', 'Random event description', '#000', '2017-09-08', '15:30:00', 7),
	(44, 14, 'Event Ifpmfmx', 'Random event description', '#0000ff', '2017-11-28', '13:15:00', 17),
	(45, 16, 'Event Ynwemnw', 'Random event description', '#000', '2017-07-11', '16:00:00', 1),
	(46, 11, 'Event Ahnlsqo', 'Random event description', '#000', '2017-09-07', '13:00:00', 7),
	(47, 18, 'Event Yijvhnf', 'Random event description', '#000', '2017-09-28', '18:30:00', 17),
	(48, 12, 'Event Nnylwfq', 'Random event description', '#0000ff', '2017-11-24', '16:15:00', 17),
	(49, 11, 'Event Qvdchmf', 'Random event description', '#000', '2017-10-26', '11:45:00', 7),
	(50, 11, 'Event Tbxiwwz', 'Random event description', '#000', '2017-06-11', '20:15:00', 17),
	(67, 14, 'TEste', 'dadsa', '#ff0000', '2017-08-08', '07:00:00', 1),
	(77, 10, 'Event Vyibmsd', 'Random event description', '#00ff00', '2017-07-23', '19:00:00', 7),
	(78, 11, 'Event Ctqgkpw', 'Random event description', '#0000ff', '2017-07-08', '20:30:00', 17),
	(79, 12, 'Event Lgandtj', 'Random event description', '#0000ff', '2017-07-28', '19:00:00', 1),
	(80, 13, 'Event Xhnclnx', 'Random event description', '#0000ff', '2017-07-10', '22:00:00', 7),
	(81, 14, 'Event Joefarh', 'Random event description', '#ff0000', '2017-07-16', '16:15:00', 7),
	(82, 15, 'Event Qxatnhx', 'Random event description', '#000', '2017-07-26', '14:45:00', 17),
	(83, 16, 'Event Oqsbqxt', 'Random event description', '#ff0000', '2017-07-06', '13:30:00', 1),
	(84, 17, 'Event Hukdwkp', 'Random event description', '#ff0000', '2017-07-24', '11:45:00', 1),
	(85, 18, 'Event Ygqleig', 'Random event description', '#000', '2017-07-14', '13:30:00', 17);
/*!40000 ALTER TABLE `entidade_evento` ENABLE KEYS */;

-- Copiando estrutura para tabela intercom.entidade_evento_agrupamento
CREATE TABLE IF NOT EXISTS `entidade_evento_agrupamento` (
  `idEntidade_evento` int(10) unsigned NOT NULL,
  `idEntidade_agrupamento` int(10) unsigned NOT NULL,
  `enviado` tinyint(1) unsigned NOT NULL DEFAULT '0',
  UNIQUE KEY `idEscola_Evento_idEscola_Turma` (`idEntidade_evento`,`idEntidade_agrupamento`),
  KEY `idEscola_Evento` (`idEntidade_evento`),
  KEY `idEscola_Turma` (`idEntidade_agrupamento`),
  CONSTRAINT `FK__smsescola_escola_evento` FOREIGN KEY (`idEntidade_evento`) REFERENCES `entidade_evento` (`id`) ON DELETE CASCADE ON UPDATE CASCADE,
  CONSTRAINT `FK__smsescola_escola_turma` FOREIGN KEY (`idEntidade_agrupamento`) REFERENCES `entidade_agrupamento` (`id`) ON DELETE CASCADE ON UPDATE CASCADE
) ENGINE=InnoDB DEFAULT CHARSET=utf8;

-- Copiando dados para a tabela intercom.entidade_evento_agrupamento: ~1 rows (aproximadamente)
/*!40000 ALTER TABLE `entidade_evento_agrupamento` DISABLE KEYS */;
INSERT INTO `entidade_evento_agrupamento` (`idEntidade_evento`, `idEntidade_agrupamento`, `enviado`) VALUES
	(67, 13, 0);
/*!40000 ALTER TABLE `entidade_evento_agrupamento` ENABLE KEYS */;

-- Copiando estrutura para tabela intercom.entidade_pessoa
CREATE TABLE IF NOT EXISTS `entidade_pessoa` (
  `id` int(10) unsigned NOT NULL AUTO_INCREMENT COMMENT 'id hidden',
  `idEntidade` int(10) unsigned NOT NULL COMMENT 'foreign [*Entidade] nd hidden',
  `idEntidade_agrupamento` int(10) unsigned DEFAULT NULL COMMENT 'f [Agrupamento]  nd v c filter',
  `idGrupo_envio` int(10) unsigned DEFAULT NULL COMMENT 'f [Grupo_de_Envio] nd v c filter',
  `nome` varchar(250) NOT NULL COMMENT 'r c order [Nome]',
  `ra` varchar(250) NOT NULL COMMENT 'v c [Ra]',
  `classe` varchar(250) NOT NULL,
  `grau` varchar(250) NOT NULL,
  `turno` varchar(250) NOT NULL COMMENT 'v c [Turno]',
  `responsavel` varchar(250) NOT NULL COMMENT 'v c [Responsavel]',
  `celular` varchar(250) NOT NULL COMMENT 'v c fone [Celular]',
  PRIMARY KEY (`id`),
  KEY `idEscola` (`idEntidade`),
  KEY `idEscola_Turma` (`idEntidade_agrupamento`),
  KEY `idGrupo_envio` (`idGrupo_envio`),
  CONSTRAINT `FK_smsescola_entidade_pessoa_smsescola_entidade_agrupamento` FOREIGN KEY (`idEntidade_agrupamento`) REFERENCES `entidade_agrupamento` (`id`) ON DELETE SET NULL ON UPDATE SET NULL,
  CONSTRAINT `FK_smsescola_entidade_pessoa_smsescola_grupo_envio` FOREIGN KEY (`idGrupo_envio`) REFERENCES `grupo_envio` (`id`) ON DELETE SET NULL ON UPDATE SET NULL,
  CONSTRAINT `FK_smsescola_escola_turma_smsescola_escola2` FOREIGN KEY (`idEntidade`) REFERENCES `entidade` (`id`) ON DELETE CASCADE ON UPDATE CASCADE
) ENGINE=InnoDB AUTO_INCREMENT=409 DEFAULT CHARSET=utf8;

-- Copiando dados para a tabela intercom.entidade_pessoa: ~181 rows (aproximadamente)
/*!40000 ALTER TABLE `entidade_pessoa` DISABLE KEYS */;
INSERT INTO `entidade_pessoa` (`id`, `idEntidade`, `idEntidade_agrupamento`, `idGrupo_envio`, `nome`, `ra`, `classe`, `grau`, `turno`, `responsavel`, `celular`) VALUES
	(209, 13, 11, NULL, 'Miguel Araujo', '712626', 'A', '1', 'Morning', '210 Araujo', '(10) 91225-3037'),
	(210, 12, 9, NULL, 'Arthur Alves', '739859', 'B', '1', 'Morning', '365 Alves', '(10) 94120-5219'),
	(211, 11, 5, NULL, 'Davi Ferreira', '783201', 'B', '1', 'Morning', '316 Ferreira', '(10) 99693-4337'),
	(212, 13, 12, NULL, 'Bernardo Silva', '198467', 'A', '1', 'Morning', '408 Silva', '(10) 97605-3510'),
	(213, 13, 11, NULL, 'Heitor Pereira', '174752', 'A', '1', 'Morning', '290 Pereira', '(10) 97959-4130'),
	(214, 10, 1, NULL, 'Gabriel Carvalho', '280435', 'B', '1', 'Morning', '269 Carvalho', '(10) 96953-4987'),
	(215, 11, 4, NULL, 'Pedro Ferreira', '308510', 'A', '1', 'Morning', '407 Ferreira', '(10) 97130-7701'),
	(216, 12, 8, NULL, 'Lorenzo Costa', '614606', 'C', '1', 'Morning', '378 Costa', '(10) 92115-4773'),
	(217, 12, 7, NULL, 'Lucas Oliveira', '208981', 'C', '1', 'Morning', '329 Oliveira', '(10) 95257-8483'),
	(218, 11, 6, NULL, 'Matheus Oliveira', '923290', 'A', '1', 'Morning', '284 Oliveira', '(10) 93805-6502'),
	(219, 13, 10, NULL, 'Enzo Ferreira', '402481', 'B', '1', 'Morning', '296 Ferreira', '(10) 97676-6031'),
	(220, 14, 15, NULL, 'Theo Ribeiro', '846250', 'B', '1', 'Morning', '313 Ribeiro', '(10) 96377-6174'),
	(221, 13, 10, NULL, 'Benjamin Araujo', '722230', 'B', '1', 'Morning', '212 Araujo', '(10) 94049-4684'),
	(222, 11, 6, NULL, 'Rafael Almeida', '912723', 'C', '1', 'Morning', '354 Almeida', '(10) 91100-7661'),
	(223, 13, 12, NULL, 'Nicolas Rodrigues', '866292', 'B', '1', 'Morning', '388 Rodrigues', '(10) 96981-6510'),
	(224, 13, 10, NULL, 'Guilherme Ferreira', '572301', 'A', '1', 'Morning', '267 Ferreira', '(10) 93368-8827'),
	(225, 14, 13, NULL, 'Gustavo Souza', '782728', 'C', '1', 'Morning', '259 Souza', '(10) 95532-7241'),
	(226, 14, 15, NULL, 'Samuel Alves', '706583', 'B', '1', 'Morning', '213 Alves', '(10) 99070-5123'),
	(227, 14, 13, NULL, 'Henrique Souza', '374163', 'A', '1', 'Morning', '213 Souza', '(10) 97421-2936'),
	(228, 14, 13, NULL, 'Felipe Pereira', '669652', 'B', '1', 'Morning', '402 Pereira', '(10) 99647-8548'),
	(229, 13, 10, NULL, 'Murilo Araujo', '545589', 'B', '1', 'Morning', '350 Araujo', '(10) 91348-1181'),
	(230, 12, 9, NULL, 'Joaquim Almeida', '964887', 'A', '1', 'Morning', '353 Almeida', '(10) 99440-9607'),
	(231, 10, 3, NULL, 'João Pedro Araujo', '944726', 'B', '1', 'Morning', '316 Araujo', '(10) 91004-7189'),
	(232, 11, 6, NULL, 'João Miguel Souza', '732419', 'A', '1', 'Morning', '296 Souza', '(10) 96213-3853'),
	(233, 12, 8, NULL, 'Enzo Gabriel Alves', '726314', 'C', '1', 'Morning', '264 Alves', '(10) 96860-4223'),
	(234, 14, 13, NULL, 'Daniel Nascimento', '112475', 'B', '1', 'Morning', '251 Nascimento', '(10) 99340-7196'),
	(235, 11, 4, NULL, 'Isaac Costa', '458606', 'A', '1', 'Morning', '258 Costa', '(10) 96196-8777'),
	(236, 12, 8, NULL, 'Pietro Nascimento', '383481', 'C', '1', 'Morning', '293 Nascimento', '(10) 91834-7678'),
	(237, 12, 8, NULL, 'Pedro Henrique Alves', '345732', 'C', '1', 'Morning', '312 Alves', '(10) 94363-9041'),
	(238, 13, 12, NULL, 'Lucca Oliveira', '775454', 'A', '1', 'Morning', '272 Oliveira', '(10) 97018-2759'),
	(239, 12, 9, NULL, 'Eduardo Rodrigues', '888414', 'C', '1', 'Morning', '223 Rodrigues', '(10) 99648-2871'),
	(240, 13, 10, NULL, 'Benício Silva', '537236', 'A', '1', 'Morning', '345 Silva', '(10) 93124-5809'),
	(241, 12, 9, NULL, 'Leonardo Souza', '304838', 'B', '1', 'Morning', '408 Souza', '(10) 98138-6818'),
	(242, 10, 2, NULL, 'Vitor Rodrigues', '881589', 'A', '1', 'Morning', '286 Rodrigues', '(10) 99251-1400'),
	(243, 11, 4, NULL, 'João Lucas Carvalho', '666303', 'B', '1', 'Morning', '240 Carvalho', '(10) 98085-8277'),
	(244, 11, 4, NULL, 'Bryan Santos', '387802', 'C', '1', 'Morning', '395 Santos', '(10) 92069-4106'),
	(245, 12, 7, NULL, 'João Souza', '632826', 'C', '1', 'Morning', '266 Souza', '(10) 93749-2692'),
	(246, 14, 13, NULL, 'Cauã Carvalho', '250646', 'B', '1', 'Morning', '281 Carvalho', '(10) 95856-7897'),
	(247, 12, 7, NULL, 'Davi Lucca Nascimento', '556198', 'C', '1', 'Morning', '370 Nascimento', '(10) 99144-8141'),
	(248, 14, 14, NULL, 'Anthony Araujo', '220621', 'B', '1', 'Morning', '220 Araujo', '(10) 98836-3368'),
	(249, 14, 13, NULL, 'Vicente Nascimento', '246026', 'C', '1', 'Morning', '209 Nascimento', '(10) 93577-7011'),
	(250, 10, 2, NULL, 'Vinícius Costa', '967335', 'B', '1', 'Morning', '214 Costa', '(10) 92870-8053'),
	(251, 10, 1, NULL, 'Caio Nascimento', '479490', 'B', '1', 'Morning', '232 Nascimento', '(10) 93429-8054'),
	(252, 13, 11, NULL, 'Antônio Ferreira', '642656', 'B', '1', 'Morning', '278 Ferreira', '(10) 92911-7080'),
	(253, 14, 15, NULL, 'Davi Lucas Ferreira', '296014', 'C', '1', 'Morning', '221 Ferreira', '(10) 93200-6503'),
	(254, 12, 8, NULL, 'Bento Silva', '619271', 'B', '1', 'Morning', '369 Silva', '(10) 93930-3065'),
	(255, 13, 10, NULL, 'João Gabriel Rodrigues', '323375', 'A', '1', 'Morning', '292 Rodrigues', '(10) 99442-7629'),
	(256, 12, 8, NULL, 'João Vitor Ribeiro', '478621', 'A', '1', 'Morning', '324 Ribeiro', '(10) 91239-4560'),
	(257, 13, 12, NULL, 'Noah Rodrigues', '210274', 'C', '1', 'Morning', '283 Rodrigues', '(10) 92189-5956'),
	(258, 14, 13, NULL, 'Francisco Oliveira', '476694', 'B', '1', 'Morning', '357 Oliveira', '(10) 92190-6301'),
	(259, 13, 12, NULL, 'Calebe Silva', '729704', 'B', '1', 'Morning', '381 Silva', '(10) 91439-4875'),
	(260, 14, 13, NULL, 'Gael Araujo', '173792', 'C', '1', 'Morning', '354 Araujo', '(10) 92148-9341'),
	(261, 12, 7, NULL, 'Emanuel Carvalho', '304385', 'A', '1', 'Morning', '368 Carvalho', '(10) 91385-9062'),
	(262, 10, 2, NULL, 'Ian Ferreira', '114979', 'C', '1', 'Morning', '226 Ferreira', '(10) 96825-9696'),
	(263, 12, 7, NULL, 'Luiz Miguel Almeida', '163917', 'A', '1', 'Morning', '278 Almeida', '(10) 94618-1835'),
	(264, 12, 9, NULL, 'Enrico Santos', '865347', 'A', '1', 'Morning', '209 Santos', '(10) 95042-3248'),
	(265, 11, 5, NULL, 'Thiago Pereira', '242314', 'B', '1', 'Morning', '285 Pereira', '(10) 95089-6304'),
	(266, 14, 15, NULL, 'Augusto Ferreira', '640367', 'A', '1', 'Morning', '385 Ferreira', '(10) 93791-5775'),
	(267, 11, 4, NULL, 'Otávio Araujo', '367437', 'B', '1', 'Morning', '387 Araujo', '(10) 92425-4473'),
	(268, 11, 5, NULL, 'João Guilherme Rodrigues', '442786', 'B', '1', 'Morning', '379 Rodrigues', '(10) 94302-5156'),
	(269, 13, 12, NULL, 'Ryan Ferreira', '867800', 'B', '1', 'Morning', '336 Ferreira', '(10) 96034-6142'),
	(270, 11, 4, NULL, 'Yuri Ferreira', '335543', 'A', '1', 'Morning', '405 Ferreira', '(10) 99285-8172'),
	(271, 11, 6, NULL, 'Levi Araujo', '707457', 'C', '1', 'Morning', '356 Araujo', '(10) 97555-8775'),
	(272, 11, 4, NULL, 'Vitor Hugo Carvalho', '240120', 'A', '1', 'Morning', '339 Carvalho', '(10) 94894-7259'),
	(273, 13, 10, NULL, 'Erick Ribeiro', '693867', 'A', '1', 'Morning', '385 Ribeiro', '(10) 95447-5655'),
	(274, 13, 12, NULL, 'Bruno Almeida', '195211', 'C', '1', 'Morning', '273 Almeida', '(10) 95863-4769'),
	(275, 10, 2, NULL, 'Nathan Alves', '851409', 'A', '1', 'Morning', '314 Alves', '(10) 96933-8006'),
	(276, 10, 3, NULL, 'Raul Nascimento', '558293', 'B', '1', 'Morning', '354 Nascimento', '(10) 91845-9242'),
	(277, 13, 12, NULL, 'Henry Nascimento', '111945', 'C', '1', 'Morning', '310 Nascimento', '(10) 94081-6645'),
	(278, 14, 15, NULL, 'Davi Luiz Ferreira', '846324', 'A', '1', 'Morning', '353 Ferreira', '(10) 94008-8568'),
	(279, 10, 1, NULL, 'Luiz Felipe Ferreira', '645486', 'A', '1', 'Morning', '316 Ferreira', '(10) 96331-6925'),
	(280, 10, 3, NULL, 'Thomas Silva', '287834', 'A', '1', 'Morning', '233 Silva', '(10) 93317-5085'),
	(281, 14, 13, NULL, 'Rodrigo Pereira', '717167', 'C', '1', 'Morning', '353 Pereira', '(10) 94182-1709'),
	(282, 14, 15, NULL, 'Davi Miguel Pereira', '148347', 'B', '1', 'Morning', '345 Pereira', '(10) 91758-2679'),
	(283, 10, 3, NULL, 'André Oliveira', '468800', 'C', '1', 'Morning', '375 Oliveira', '(10) 95550-1002'),
	(284, 14, 14, NULL, 'Fernando Ribeiro', '102248', 'B', '1', 'Morning', '322 Ribeiro', '(10) 99268-7543'),
	(285, 13, 10, NULL, 'Alexandre Rodrigues', '915097', 'A', '1', 'Morning', '239 Rodrigues', '(10) 96463-9572'),
	(286, 13, 10, NULL, 'Pedro Lucas Carvalho', '279000', 'B', '1', 'Morning', '308 Carvalho', '(10) 94348-1900'),
	(287, 12, 7, NULL, 'Breno Ribeiro', '542490', 'B', '1', 'Morning', '349 Ribeiro', '(10) 96508-8403'),
	(288, 10, 3, NULL, 'Arthur Miguel Ferreira', '368987', 'A', '1', 'Morning', '317 Ferreira', '(10) 96547-5344'),
	(289, 10, 1, NULL, 'Carlos Eduardo Almeida', '588756', 'A', '1', 'Morning', '225 Almeida', '(10) 96149-1541'),
	(290, 10, 2, NULL, 'Kaique Souza', '685275', 'A', '1', 'Morning', '231 Souza', '(10) 91218-1502'),
	(291, 12, 7, NULL, 'Yago Oliveira', '770590', 'A', '1', 'Morning', '316 Oliveira', '(10) 94364-5743'),
	(292, 10, 2, NULL, 'Kauê Silva', '921212', 'B', '1', 'Morning', '239 Silva', '(10) 93890-7097'),
	(293, 10, 2, NULL, 'Luan Ferreira', '728343', 'A', '1', 'Morning', '345 Ferreira', '(10) 97573-6749'),
	(294, 12, 9, NULL, 'Igor Santos', '348056', 'C', '1', 'Morning', '367 Santos', '(10) 92674-8297'),
	(295, 12, 7, NULL, 'Luiz Henrique Almeida', '461160', 'C', '1', 'Morning', '220 Almeida', '(10) 98470-2192'),
	(296, 12, 9, NULL, 'Luiz Gustavo Ferreira', '492395', 'A', '1', 'Morning', '264 Ferreira', '(10) 92366-8848'),
	(297, 13, 11, NULL, 'Arthur Gabriel Almeida', '366801', 'B', '1', 'Morning', '210 Almeida', '(10) 96137-7798'),
	(298, 14, 14, NULL, 'Mathias Santos', '382245', 'B', '1', 'Morning', '317 Santos', '(10) 97650-4052'),
	(299, 13, 12, NULL, 'Lucas Gabriel Nascimento', '687805', 'A', '1', 'Morning', '310 Nascimento', '(10) 99914-8803'),
	(300, 11, 4, NULL, 'Pedro Miguel Oliveira', '715218', 'B', '1', 'Morning', '404 Oliveira', '(10) 95506-2178'),
	(301, 14, 15, NULL, 'Arthur Henrique Costa', '543859', 'C', '1', 'Morning', '359 Costa', '(10) 98517-2102'),
	(302, 10, 3, NULL, 'Ruan Oliveira', '570653', 'A', '1', 'Morning', '370 Oliveira', '(10) 91157-7413'),
	(303, 13, 12, NULL, 'Tomás Rodrigues', '149316', 'C', '1', 'Morning', '349 Rodrigues', '(10) 97372-6200'),
	(304, 13, 11, NULL, 'Danilo Alves', '112355', 'B', '1', 'Morning', '297 Alves', '(10) 95505-6992'),
	(305, 14, 13, NULL, 'Enzo Miguel Nascimento', '362921', 'B', '1', 'Morning', '369 Nascimento', '(10) 92313-6071'),
	(306, 11, 6, NULL, 'Luiz Otávio Souza', '586971', 'A', '1', 'Morning', '260 Souza', '(10) 99466-6526'),
	(307, 13, 12, NULL, 'Ricardo Oliveira', '850633', 'C', '1', 'Morning', '240 Oliveira', '(10) 92877-6162'),
	(308, 11, 5, NULL, 'Oliver Ribeiro', '373750', 'B', '1', 'Morning', '229 Ribeiro', '(10) 97072-3027'),
	(309, 10, 1, NULL, 'Alice Araujo', '354857', 'B', '1', 'Morning', '261 Araujo', '(10) 99318-1081'),
	(310, 12, 8, NULL, 'Sophia Araujo', '982076', 'B', '1', 'Morning', '380 Araujo', '(10) 92959-2129'),
	(311, 10, 2, NULL, 'Laura Rodrigues', '485162', 'C', '1', 'Morning', '276 Rodrigues', '(10) 97985-8572'),
	(312, 11, 4, NULL, 'Valentina Carvalho', '489007', 'C', '1', 'Morning', '212 Carvalho', '(10) 98513-6613'),
	(313, 11, 4, NULL, 'Helena Pereira', '806624', 'C', '1', 'Morning', '246 Pereira', '(10) 94715-1809'),
	(314, 11, 4, NULL, 'Isabella Lima', '970355', 'A', '1', 'Morning', '329 Lima', '(10) 98299-4675'),
	(315, 13, 10, NULL, 'Manuela Almeida', '517487', 'C', '1', 'Morning', '216 Almeida', '(10) 92187-3675'),
	(316, 14, 13, NULL, 'Júlia Alves', '508786', 'B', '1', 'Morning', '328 Alves', '(10) 98453-5431'),
	(317, 10, 1, NULL, 'Luiza Oliveira', '385943', 'B', '1', 'Morning', '402 Oliveira', '(10) 96284-8049'),
	(318, 14, 14, NULL, 'Lívia Ribeiro', '724342', 'B', '1', 'Morning', '360 Ribeiro', '(10) 96810-6065'),
	(319, 13, 12, NULL, 'Giovanna Souza', '878210', 'C', '1', 'Morning', '406 Souza', '(10) 99322-3319'),
	(320, 11, 6, NULL, 'Maria Luiza Silva', '139340', 'C', '1', 'Morning', '255 Silva', '(10) 95675-2115'),
	(321, 13, 11, NULL, 'Heloísa Lima', '153501', 'B', '1', 'Morning', '268 Lima', '(10) 98338-5720'),
	(322, 11, 5, NULL, 'Maria Eduarda Pereira', '510070', 'B', '1', 'Morning', '373 Pereira', '(10) 94261-6569'),
	(323, 11, 6, NULL, 'Maria Clara Nascimento', '418154', 'B', '1', 'Morning', '220 Nascimento', '(10) 97173-7900'),
	(324, 14, 15, NULL, 'Lara Oliveira', '905401', 'A', '1', 'Morning', '343 Oliveira', '(10) 98263-1404'),
	(325, 11, 4, NULL, 'Lorena Carvalho', '881113', 'B', '1', 'Morning', '354 Carvalho', '(10) 94320-7288'),
	(326, 11, 4, NULL, 'Beatriz Carvalho', '280405', 'C', '1', 'Morning', '287 Carvalho', '(10) 93368-4620'),
	(327, 14, 13, NULL, 'Mariana Ribeiro', '849504', 'A', '1', 'Morning', '262 Ribeiro', '(10) 93123-9888'),
	(328, 10, 3, NULL, 'Melissa Lima', '106698', 'B', '1', 'Morning', '261 Lima', '(10) 99011-8487'),
	(329, 11, 6, NULL, 'Cecília Costa', '417782', 'B', '1', 'Morning', '375 Costa', '(10) 93471-6168'),
	(330, 10, 1, NULL, 'Ana Clara Ribeiro', '509129', 'B', '1', 'Morning', '309 Ribeiro', '(10) 92336-1096'),
	(331, 10, 1, NULL, 'Ana Júlia Pereira', '720136', 'A', '1', 'Morning', '286 Pereira', '(10) 92581-8944'),
	(332, 14, 14, NULL, 'Yasmin Nascimento', '152279', 'A', '1', 'Morning', '261 Nascimento', '(10) 96103-4774'),
	(333, 11, 5, NULL, 'Maria Júlia Pereira', '842741', 'A', '1', 'Morning', '305 Pereira', '(10) 93340-1068'),
	(334, 11, 4, NULL, 'Isadora Araujo', '183176', 'C', '1', 'Morning', '234 Araujo', '(10) 94250-7570'),
	(335, 11, 4, NULL, 'Rafaela Carvalho', '674885', 'B', '1', 'Morning', '262 Carvalho', '(10) 98823-4552'),
	(336, 10, 3, NULL, 'Emanuelly Alves', '801735', 'C', '1', 'Morning', '307 Alves', '(10) 98079-5931'),
	(337, 11, 4, NULL, 'Ana Luiza Almeida', '124239', 'B', '1', 'Morning', '341 Almeida', '(10) 98693-6850'),
	(338, 14, 15, NULL, 'Esther Araujo', '752031', 'B', '1', 'Morning', '358 Araujo', '(10) 92301-7713'),
	(339, 13, 11, NULL, 'Lavínia Araujo', '817277', 'C', '1', 'Morning', '276 Araujo', '(10) 92102-2245'),
	(340, 10, 3, NULL, 'Sarah Lima', '236809', 'B', '1', 'Morning', '362 Lima', '(10) 96042-4358'),
	(341, 13, 11, NULL, 'Isabelly Santos', '269422', 'C', '1', 'Morning', '306 Santos', '(10) 94051-2869'),
	(342, 14, 14, NULL, 'Elisa Santos', '900893', 'B', '1', 'Morning', '242 Santos', '(10) 98123-7529'),
	(343, 11, 4, NULL, 'Eloah Araujo', '920359', 'C', '1', 'Morning', '272 Araujo', '(10) 98933-5659'),
	(344, 10, 3, NULL, 'Nicole Araujo', '614683', 'A', '1', 'Morning', '317 Araujo', '(10) 92149-5499'),
	(345, 12, 9, NULL, 'Maria Alice Lima', '897365', 'B', '1', 'Morning', '247 Lima', '(10) 92620-4995'),
	(346, 11, 6, NULL, 'Gabriela Rodrigues', '163625', 'B', '1', 'Morning', '226 Rodrigues', '(10) 93319-4528'),
	(347, 12, 9, NULL, 'Maria Silva', '211742', 'B', '1', 'Morning', '245 Silva', '(10) 98967-2117'),
	(348, 11, 4, NULL, 'Rebeca Nascimento', '670857', 'C', '1', 'Morning', '297 Nascimento', '(10) 91889-2098'),
	(349, 14, 14, NULL, 'Letícia Pereira', '604234', 'B', '1', 'Morning', '265 Pereira', '(10) 94376-7691'),
	(350, 10, 2, NULL, 'Clara Pereira', '707975', 'C', '1', 'Morning', '223 Pereira', '(10) 98685-7190'),
	(351, 12, 8, NULL, 'Marina Ferreira', '931026', 'A', '1', 'Morning', '371 Ferreira', '(10) 92018-6131'),
	(352, 14, 13, NULL, 'Isis Ribeiro', '896088', 'B', '1', 'Morning', '343 Ribeiro', '(10) 91685-6132'),
	(353, 14, 15, NULL, 'Ana Santos', '288404', 'C', '1', 'Morning', '310 Santos', '(10) 99873-2879'),
	(354, 13, 11, NULL, 'Alícia Oliveira', '105286', 'C', '1', 'Morning', '399 Oliveira', '(10) 91865-3184'),
	(355, 14, 13, NULL, 'Liz Carvalho', '639588', 'C', '1', 'Morning', '216 Carvalho', '(10) 99713-3017'),
	(356, 12, 7, NULL, 'Antonella Oliveira', '134813', 'B', '1', 'Morning', '209 Oliveira', '(10) 98788-1645'),
	(357, 13, 11, NULL, 'Maria Cecília Nascimento', '673816', 'A', '1', 'Morning', '388 Nascimento', '(10) 93405-4386'),
	(358, 10, 3, NULL, 'Agatha Carvalho', '437974', 'A', '1', 'Morning', '221 Carvalho', '(10) 92042-6190'),
	(359, 13, 11, NULL, 'Catarina Oliveira', '341278', 'A', '1', 'Morning', '238 Oliveira', '(10) 98179-6649'),
	(360, 14, 14, NULL, 'Ana Laura Ribeiro', '856964', 'B', '1', 'Morning', '234 Ribeiro', '(10) 97828-1310'),
	(361, 10, 1, NULL, 'Larissa Santos', '422450', 'B', '1', 'Morning', '319 Santos', '(10) 94982-5014'),
	(362, 11, 4, NULL, 'Ana Beatriz Carvalho', '367670', 'C', '1', 'Morning', '336 Carvalho', '(10) 92086-7359'),
	(363, 12, 7, NULL, 'Maria Fernanda Almeida', '866624', 'C', '1', 'Morning', '376 Almeida', '(10) 99780-6601'),
	(364, 12, 8, NULL, 'Maitê Lima', '801013', 'C', '1', 'Morning', '331 Lima', '(10) 93494-9755'),
	(365, 12, 7, NULL, 'Luna Araujo', '592873', 'B', '1', 'Morning', '401 Araujo', '(10) 96025-4376'),
	(366, 11, 4, NULL, 'Olívia Oliveira', '654146', 'C', '1', 'Morning', '280 Oliveira', '(10) 99551-9427'),
	(367, 10, 2, NULL, 'Vitória Alves', '706157', 'B', '1', 'Morning', '273 Alves', '(10) 96543-5501'),
	(368, 12, 7, NULL, 'Bianca Souza', '664309', 'C', '1', 'Morning', '366 Souza', '(10) 96336-7051'),
	(369, 12, 7, NULL, 'Laís Lima', '517447', 'C', '1', 'Morning', '312 Lima', '(10) 95555-2229'),
	(370, 12, 7, NULL, 'Allana Lima', '834101', 'A', '1', 'Morning', '259 Lima', '(10) 91755-5877'),
	(371, 10, 1, NULL, 'Maria Valentina Carvalho', '526784', 'B', '1', 'Morning', '391 Carvalho', '(10) 92625-1440'),
	(372, 14, 13, NULL, 'Emilly Ribeiro', '731341', 'B', '1', 'Morning', '236 Ribeiro', '(10) 94333-1560'),
	(373, 10, 1, NULL, 'Ana Sophia Oliveira', '250351', 'C', '1', 'Morning', '294 Oliveira', '(10) 96508-9132'),
	(374, 14, 15, NULL, 'Clarice Santos', '438661', 'C', '1', 'Morning', '280 Santos', '(10) 91009-8911'),
	(375, 10, 1, NULL, 'Milena Rodrigues', '644539', 'C', '1', 'Morning', '235 Rodrigues', '(10) 95703-5790'),
	(376, 11, 4, NULL, 'Pietra Araujo', '686145', 'B', '1', 'Morning', '345 Araujo', '(10) 99786-4273'),
	(377, 14, 15, NULL, 'Fernanda Lima', '625966', 'C', '1', 'Morning', '358 Lima', '(10) 92367-4488'),
	(378, 10, 1, NULL, 'Carolina Ferreira', '438696', 'B', '1', 'Morning', '335 Ferreira', '(10) 99756-7532'),
	(379, 12, 7, NULL, 'Amanda Alves', '889487', 'A', '1', 'Morning', '240 Alves', '(10) 98651-9901'),
	(380, 10, 1, NULL, 'Maria Vitória Carvalho', '534347', 'C', '1', 'Morning', '283 Carvalho', '(10) 96161-5913'),
	(381, 10, 3, NULL, 'Maria Helena Pereira', '594201', 'C', '1', 'Morning', '389 Pereira', '(10) 93060-9518'),
	(382, 10, 1, NULL, 'Eduarda Rodrigues', '975792', 'C', '1', 'Morning', '392 Rodrigues', '(10) 93860-4422'),
	(383, 12, 8, NULL, 'Malu Lima', '389194', 'A', '1', 'Morning', '266 Lima', '(10) 94704-1377'),
	(384, 14, 14, NULL, 'Maria Sophia Ribeiro', '230724', 'C', '1', 'Morning', '337 Ribeiro', '(10) 91971-5117'),
	(385, 13, 10, NULL, 'Stella Araujo', '971576', 'B', '1', 'Morning', '230 Araujo', '(10) 96385-3132'),
	(386, 11, 5, NULL, 'Camila Araujo', '783268', 'B', '1', 'Morning', '214 Araujo', '(10) 97346-8152'),
	(387, 13, 10, NULL, 'Maya Araujo', '803619', 'C', '1', 'Morning', '222 Araujo', '(10) 94116-7484'),
	(388, 12, 8, NULL, 'Gabrielly Silva', '594378', 'A', '1', 'Morning', '397 Silva', '(10) 92671-3388'),
	(389, 12, 8, NULL, 'Mirella Oliveira', '491574', 'A', '1', 'Morning', '390 Oliveira', '(10) 91516-3246'),
	(390, 11, 6, NULL, 'Mariah Oliveira', '840978', 'B', '1', 'Morning', '367 Oliveira', '(10) 94140-6019'),
	(391, 14, 13, NULL, 'Ana Lívia Lima', '602624', 'B', '1', 'Morning', '372 Lima', '(10) 96015-9037'),
	(392, 12, 7, NULL, 'Maria Flor Ferreira', '949477', 'A', '1', 'Morning', '261 Ferreira', '(10) 99743-9104'),
	(393, 10, 2, NULL, 'Ayla Ferreira', '917390', 'B', '1', 'Morning', '286 Ferreira', '(10) 93323-2630'),
	(394, 10, 3, NULL, 'Isabel Alves', '257717', 'A', '1', 'Morning', '250 Alves', '(10) 93010-4051'),
	(395, 11, 5, NULL, 'Sophie Costa', '451399', 'B', '1', 'Morning', '347 Costa', '(10) 92513-5591'),
	(396, 10, 2, NULL, 'Giulia Souza', '864669', 'C', '1', 'Morning', '241 Souza', '(10) 99812-2042'),
	(397, 12, 8, NULL, 'Luana Araujo', '322992', 'B', '1', 'Morning', '327 Araujo', '(10) 95508-7761'),
	(398, 13, 11, NULL, 'Bruna Alves', '954190', 'A', '1', 'Morning', '349 Alves', '(10) 97939-5510'),
	(399, 14, 15, NULL, 'Ana Vitória Rodrigues', '703768', 'A', '1', 'Morning', '292 Rodrigues', '(10) 93412-4822'),
	(400, 14, 13, NULL, 'Joana Ferreira', '305342', 'B', '1', 'Morning', '247 Ferreira', '(10) 98275-8174'),
	(401, 12, 9, NULL, 'Maria Laura Araujo', '889177', 'A', '1', 'Morning', '355 Araujo', '(10) 92427-1738'),
	(402, 12, 9, NULL, 'Maria Isis Lima', '937811', 'C', '1', 'Morning', '239 Lima', '(10) 91847-8615'),
	(403, 12, 9, NULL, 'Louise Pereira', '643111', 'C', '1', 'Morning', '396 Pereira', '(10) 92762-4749'),
	(404, 13, 10, NULL, 'Pérola Rodrigues', '290102', 'B', '1', 'Morning', '303 Rodrigues', '(10) 92548-6479'),
	(405, 10, 3, NULL, 'Natália Carvalho', '609047', 'C', '1', 'Morning', '260 Carvalho', '(10) 93603-7747'),
	(406, 10, 1, NULL, 'Ana Cecília Santos', '799263', 'C', '1', 'Morning', '394 Santos', '(10) 92470-1391'),
	(407, 10, 2, NULL, 'Aurora Rodrigues', '580373', 'A', '1', 'Morning', '273 Rodrigues', '(10) 97429-3807'),
	(408, 10, 2, NULL, 'Bárbara Almeida', '764230', 'C', '1', 'Morning', '251 Almeida', '(10) 93526-1796');
/*!40000 ALTER TABLE `entidade_pessoa` ENABLE KEYS */;

-- Copiando estrutura para tabela intercom.entidade_pessoa_avaliacao
CREATE TABLE IF NOT EXISTS `entidade_pessoa_avaliacao` (
  `id` int(10) unsigned NOT NULL AUTO_INCREMENT COMMENT 'id hidden',
  `idEntidade_pessoa` int(10) unsigned NOT NULL COMMENT 'f',
  `idSemana` int(10) unsigned NOT NULL COMMENT 'f',
  `nota` int(10) unsigned NOT NULL,
  `nao_matriculado` tinyint(4) NOT NULL COMMENT 'check v c',
  PRIMARY KEY (`id`),
  UNIQUE KEY `idEscola_Matriculado_idSemana` (`idEntidade_pessoa`,`idSemana`),
  KEY `idEscola_Matriculado` (`idEntidade_pessoa`),
  KEY `idSemana` (`idSemana`),
  CONSTRAINT `FK_smsescola_escola_acao_smsescola_escola_matriculado` FOREIGN KEY (`idEntidade_pessoa`) REFERENCES `entidade_pessoa` (`id`) ON DELETE CASCADE ON UPDATE CASCADE,
  CONSTRAINT `FK_smsescola_escola_matriculado_avaliacao_smsescola_semana` FOREIGN KEY (`idSemana`) REFERENCES `semana` (`id`) ON DELETE CASCADE ON UPDATE CASCADE
) ENGINE=InnoDB AUTO_INCREMENT=2098 DEFAULT CHARSET=utf8;

-- Copiando dados para a tabela intercom.entidade_pessoa_avaliacao: ~1.200 rows (aproximadamente)
/*!40000 ALTER TABLE `entidade_pessoa_avaliacao` DISABLE KEYS */;
INSERT INTO `entidade_pessoa_avaliacao` (`id`, `idEntidade_pessoa`, `idSemana`, `nota`, `nao_matriculado`) VALUES
	(808, 209, 11, 1, 0),
	(809, 210, 11, 4, 0),
	(810, 211, 11, 4, 0),
	(811, 212, 11, 2, 0),
	(812, 213, 11, 4, 0),
	(813, 214, 11, 2, 0),
	(814, 215, 11, 3, 0),
	(815, 216, 11, 2, 0),
	(816, 217, 11, 1, 0),
	(817, 218, 11, 1, 0),
	(818, 219, 11, 3, 0),
	(819, 220, 11, 4, 0),
	(820, 221, 11, 4, 0),
	(821, 222, 11, 1, 0),
	(822, 223, 11, 2, 0),
	(823, 224, 11, 2, 0),
	(824, 225, 11, 4, 0),
	(825, 226, 11, 4, 0),
	(826, 227, 11, 2, 0),
	(827, 228, 11, 1, 0),
	(828, 229, 11, 4, 0),
	(829, 230, 11, 2, 0),
	(830, 231, 11, 4, 0),
	(831, 232, 11, 3, 0),
	(832, 233, 11, 1, 0),
	(833, 234, 11, 4, 0),
	(834, 235, 11, 2, 0),
	(835, 236, 11, 4, 0),
	(836, 237, 11, 3, 0),
	(837, 238, 11, 1, 0),
	(838, 239, 11, 4, 0),
	(839, 240, 11, 4, 0),
	(840, 241, 11, 2, 0),
	(841, 242, 11, 3, 0),
	(842, 243, 11, 2, 0),
	(843, 244, 11, 1, 0),
	(844, 245, 11, 3, 0),
	(845, 246, 11, 4, 0),
	(846, 247, 11, 4, 0),
	(847, 248, 11, 4, 0),
	(848, 249, 11, 3, 0),
	(849, 250, 11, 4, 0),
	(850, 251, 11, 2, 0),
	(851, 252, 11, 1, 0),
	(852, 253, 11, 3, 0),
	(853, 254, 11, 1, 0),
	(854, 255, 11, 2, 0),
	(855, 256, 11, 1, 0),
	(856, 257, 11, 3, 0),
	(857, 258, 11, 4, 0),
	(858, 259, 11, 1, 0),
	(859, 260, 11, 2, 0),
	(860, 261, 11, 1, 0),
	(861, 262, 11, 4, 0),
	(862, 263, 11, 1, 0),
	(863, 209, 10, 3, 0),
	(864, 264, 11, 4, 0),
	(865, 210, 10, 2, 0),
	(866, 265, 11, 2, 0),
	(867, 211, 10, 1, 0),
	(868, 266, 11, 1, 0),
	(869, 212, 10, 3, 0),
	(870, 267, 11, 4, 0),
	(871, 213, 10, 2, 0),
	(872, 268, 11, 2, 0),
	(873, 214, 10, 3, 0),
	(874, 269, 11, 4, 0),
	(875, 215, 10, 4, 0),
	(876, 270, 11, 2, 0),
	(877, 216, 10, 4, 0),
	(878, 271, 11, 1, 0),
	(879, 217, 10, 1, 0),
	(880, 272, 11, 1, 0),
	(881, 218, 10, 2, 0),
	(882, 273, 11, 3, 0),
	(883, 219, 10, 1, 0),
	(884, 274, 11, 3, 0),
	(885, 220, 10, 3, 0),
	(886, 275, 11, 4, 0),
	(887, 221, 10, 3, 0),
	(888, 276, 11, 3, 0),
	(889, 222, 10, 3, 0),
	(890, 277, 11, 4, 0),
	(891, 223, 10, 1, 0),
	(892, 278, 11, 1, 0),
	(893, 224, 10, 3, 0),
	(894, 279, 11, 4, 0),
	(895, 225, 10, 2, 0),
	(896, 280, 11, 3, 0),
	(897, 226, 10, 4, 0),
	(898, 281, 11, 2, 0),
	(899, 227, 10, 1, 0),
	(900, 282, 11, 4, 0),
	(901, 228, 10, 4, 0),
	(902, 283, 11, 1, 0),
	(903, 229, 10, 1, 0),
	(904, 284, 11, 3, 0),
	(905, 285, 11, 2, 0),
	(906, 230, 10, 2, 0),
	(907, 286, 11, 2, 0),
	(908, 231, 10, 2, 0),
	(909, 287, 11, 4, 0),
	(910, 232, 10, 3, 0),
	(911, 288, 11, 3, 0),
	(912, 233, 10, 2, 0),
	(913, 289, 11, 3, 0),
	(914, 234, 10, 2, 0),
	(915, 290, 11, 2, 0),
	(916, 235, 10, 4, 0),
	(917, 291, 11, 4, 0),
	(918, 236, 10, 1, 0),
	(919, 292, 11, 4, 0),
	(920, 237, 10, 1, 0),
	(921, 238, 10, 4, 0),
	(922, 293, 11, 3, 0),
	(923, 294, 11, 1, 0),
	(924, 239, 10, 3, 0),
	(925, 295, 11, 4, 0),
	(926, 240, 10, 2, 0),
	(927, 296, 11, 3, 0),
	(928, 241, 10, 4, 0),
	(929, 297, 11, 1, 0),
	(930, 242, 10, 2, 0),
	(931, 243, 10, 1, 0),
	(932, 298, 11, 2, 0),
	(933, 299, 11, 4, 0),
	(934, 244, 10, 1, 0),
	(935, 300, 11, 4, 0),
	(936, 245, 10, 2, 0),
	(937, 301, 11, 4, 0),
	(938, 246, 10, 2, 0),
	(939, 302, 11, 1, 0),
	(940, 247, 10, 3, 0),
	(941, 303, 11, 1, 0),
	(942, 248, 10, 3, 0),
	(943, 304, 11, 4, 0),
	(944, 249, 10, 4, 0),
	(945, 305, 11, 4, 0),
	(946, 250, 10, 3, 0),
	(947, 306, 11, 2, 0),
	(948, 251, 10, 4, 0),
	(949, 307, 11, 1, 0),
	(950, 252, 10, 1, 0),
	(951, 308, 11, 1, 0),
	(952, 253, 10, 3, 0),
	(953, 309, 11, 1, 0),
	(954, 254, 10, 1, 0),
	(955, 310, 11, 2, 0),
	(956, 255, 10, 3, 0),
	(957, 311, 11, 1, 0),
	(958, 256, 10, 2, 0),
	(959, 312, 11, 4, 0),
	(960, 257, 10, 3, 0),
	(961, 313, 11, 4, 0),
	(962, 258, 10, 3, 0),
	(963, 314, 11, 1, 0),
	(964, 259, 10, 1, 0),
	(965, 315, 11, 1, 0),
	(966, 260, 10, 3, 0),
	(967, 316, 11, 2, 0),
	(968, 261, 10, 2, 0),
	(969, 317, 11, 1, 0),
	(970, 262, 10, 1, 0),
	(971, 263, 10, 3, 0),
	(972, 318, 11, 4, 0),
	(973, 264, 10, 2, 0),
	(974, 319, 11, 2, 0),
	(975, 320, 11, 2, 0),
	(976, 265, 10, 4, 0),
	(977, 321, 11, 2, 0),
	(978, 266, 10, 4, 0),
	(979, 322, 11, 2, 0),
	(980, 267, 10, 2, 0),
	(981, 323, 11, 3, 0),
	(982, 268, 10, 4, 0),
	(983, 324, 11, 1, 0),
	(984, 269, 10, 1, 0),
	(985, 325, 11, 2, 0),
	(986, 270, 10, 2, 0),
	(987, 326, 11, 2, 0),
	(988, 271, 10, 4, 0),
	(989, 327, 11, 3, 0),
	(990, 272, 10, 4, 0),
	(991, 328, 11, 2, 0),
	(992, 273, 10, 1, 0),
	(993, 329, 11, 1, 0),
	(994, 274, 10, 2, 0),
	(995, 330, 11, 4, 0),
	(996, 275, 10, 1, 0),
	(997, 331, 11, 4, 0),
	(998, 209, 8, 3, 0),
	(999, 276, 10, 1, 0),
	(1000, 332, 11, 2, 0),
	(1001, 210, 8, 1, 0),
	(1002, 277, 10, 2, 0),
	(1003, 333, 11, 1, 0),
	(1004, 211, 8, 2, 0),
	(1005, 278, 10, 4, 0),
	(1006, 334, 11, 1, 0),
	(1007, 212, 8, 1, 0),
	(1008, 279, 10, 1, 0),
	(1009, 335, 11, 3, 0),
	(1010, 213, 8, 1, 0),
	(1011, 280, 10, 4, 0),
	(1012, 336, 11, 1, 0),
	(1013, 214, 8, 1, 0),
	(1014, 281, 10, 2, 0),
	(1015, 337, 11, 3, 0),
	(1016, 215, 8, 4, 0),
	(1017, 282, 10, 1, 0),
	(1018, 338, 11, 2, 0),
	(1019, 216, 8, 5, 0),
	(1020, 283, 10, 4, 0),
	(1021, 339, 11, 2, 0),
	(1022, 217, 8, 2, 0),
	(1023, 284, 10, 1, 0),
	(1024, 340, 11, 3, 0),
	(1025, 218, 8, 4, 0),
	(1026, 285, 10, 4, 0),
	(1027, 341, 11, 3, 0),
	(1028, 219, 8, 5, 0),
	(1029, 286, 10, 4, 0),
	(1030, 342, 11, 2, 0),
	(1031, 287, 10, 3, 0),
	(1032, 220, 8, 2, 0),
	(1033, 343, 11, 1, 0),
	(1034, 288, 10, 1, 0),
	(1035, 221, 8, 4, 0),
	(1036, 344, 11, 4, 0),
	(1037, 289, 10, 1, 0),
	(1038, 222, 8, 3, 0),
	(1039, 345, 11, 4, 0),
	(1040, 290, 10, 2, 0),
	(1041, 223, 8, 3, 0),
	(1042, 346, 11, 1, 0),
	(1043, 291, 10, 2, 0),
	(1044, 224, 8, 3, 0),
	(1045, 347, 11, 3, 0),
	(1046, 292, 10, 3, 0),
	(1047, 225, 8, 5, 0),
	(1048, 348, 11, 4, 0),
	(1049, 293, 10, 4, 0),
	(1050, 226, 8, 4, 0),
	(1051, 349, 11, 2, 0),
	(1052, 294, 10, 4, 0),
	(1053, 227, 8, 5, 0),
	(1054, 350, 11, 4, 0),
	(1055, 295, 10, 1, 0),
	(1056, 228, 8, 5, 0),
	(1057, 351, 11, 1, 0),
	(1058, 296, 10, 1, 0),
	(1059, 229, 8, 3, 0),
	(1060, 352, 11, 2, 0),
	(1061, 230, 8, 5, 0),
	(1062, 297, 10, 2, 0),
	(1063, 353, 11, 1, 0),
	(1064, 231, 8, 2, 0),
	(1065, 298, 10, 1, 0),
	(1066, 354, 11, 4, 0),
	(1067, 232, 8, 4, 0),
	(1068, 299, 10, 2, 0),
	(1069, 355, 11, 4, 0),
	(1070, 233, 8, 1, 0),
	(1071, 300, 10, 1, 0),
	(1072, 234, 8, 5, 0),
	(1073, 356, 11, 4, 0),
	(1074, 301, 10, 2, 0),
	(1075, 357, 11, 3, 0),
	(1076, 235, 8, 2, 0),
	(1077, 302, 10, 4, 0),
	(1078, 358, 11, 1, 0),
	(1079, 236, 8, 1, 0),
	(1080, 303, 10, 1, 0),
	(1081, 237, 8, 3, 0),
	(1082, 359, 11, 3, 0),
	(1083, 304, 10, 4, 0),
	(1084, 238, 8, 5, 0),
	(1085, 360, 11, 4, 0),
	(1086, 305, 10, 2, 0),
	(1087, 239, 8, 2, 0),
	(1088, 361, 11, 3, 0),
	(1089, 306, 10, 1, 0),
	(1090, 240, 8, 4, 0),
	(1091, 362, 11, 4, 0),
	(1092, 307, 10, 4, 0),
	(1093, 241, 8, 2, 0),
	(1094, 363, 11, 1, 0),
	(1095, 308, 10, 1, 0),
	(1096, 242, 8, 5, 0),
	(1097, 364, 11, 3, 0),
	(1098, 309, 10, 4, 0),
	(1099, 243, 8, 3, 0),
	(1100, 365, 11, 3, 0),
	(1101, 310, 10, 1, 0),
	(1102, 244, 8, 2, 0),
	(1103, 366, 11, 2, 0),
	(1104, 311, 10, 1, 0),
	(1105, 245, 8, 3, 0),
	(1106, 367, 11, 1, 0),
	(1107, 312, 10, 2, 0),
	(1108, 246, 8, 2, 0),
	(1109, 368, 11, 4, 0),
	(1110, 313, 10, 1, 0),
	(1111, 247, 8, 5, 0),
	(1112, 369, 11, 4, 0),
	(1113, 314, 10, 3, 0),
	(1114, 248, 8, 1, 0),
	(1115, 370, 11, 1, 0),
	(1116, 315, 10, 4, 0),
	(1117, 249, 8, 1, 0),
	(1118, 371, 11, 3, 0),
	(1119, 316, 10, 4, 0),
	(1120, 250, 8, 2, 0),
	(1121, 372, 11, 3, 0),
	(1122, 251, 8, 2, 0),
	(1123, 317, 10, 3, 0),
	(1124, 373, 11, 3, 0),
	(1125, 252, 8, 3, 0),
	(1126, 318, 10, 4, 0),
	(1127, 374, 11, 2, 0),
	(1128, 253, 8, 5, 0),
	(1129, 319, 10, 2, 0),
	(1130, 375, 11, 1, 0),
	(1131, 254, 8, 4, 0),
	(1132, 320, 10, 3, 0),
	(1133, 376, 11, 3, 0),
	(1134, 255, 8, 5, 0),
	(1135, 321, 10, 3, 0),
	(1136, 377, 11, 2, 0),
	(1137, 256, 8, 1, 0),
	(1138, 322, 10, 3, 0),
	(1139, 257, 8, 3, 0),
	(1140, 378, 11, 4, 0),
	(1141, 323, 10, 1, 0),
	(1142, 258, 8, 4, 0),
	(1143, 379, 11, 4, 0),
	(1144, 324, 10, 3, 0),
	(1145, 259, 8, 4, 0),
	(1146, 380, 11, 2, 0),
	(1147, 325, 10, 4, 0),
	(1148, 260, 8, 4, 0),
	(1149, 381, 11, 1, 0),
	(1150, 326, 10, 4, 0),
	(1151, 261, 8, 2, 0),
	(1152, 382, 11, 1, 0),
	(1153, 327, 10, 3, 0),
	(1154, 262, 8, 5, 0),
	(1155, 383, 11, 2, 0),
	(1156, 328, 10, 3, 0),
	(1157, 263, 8, 3, 0),
	(1158, 209, 7, 3, 0),
	(1159, 384, 11, 4, 0),
	(1160, 329, 10, 1, 0),
	(1161, 264, 8, 3, 0),
	(1162, 210, 7, 2, 0),
	(1163, 385, 11, 4, 0),
	(1164, 330, 10, 2, 0),
	(1165, 265, 8, 1, 0),
	(1166, 211, 7, 4, 0),
	(1167, 386, 11, 3, 0),
	(1168, 331, 10, 3, 0),
	(1169, 266, 8, 1, 0),
	(1170, 212, 7, 4, 0),
	(1171, 387, 11, 1, 0),
	(1172, 332, 10, 3, 0),
	(1173, 267, 8, 1, 0),
	(1174, 213, 7, 5, 0),
	(1175, 388, 11, 3, 0),
	(1176, 333, 10, 2, 0),
	(1177, 268, 8, 1, 0),
	(1178, 214, 7, 1, 0),
	(1179, 389, 11, 2, 0),
	(1180, 334, 10, 4, 0),
	(1181, 215, 7, 2, 0),
	(1182, 269, 8, 1, 0),
	(1183, 390, 11, 3, 0),
	(1184, 335, 10, 1, 0),
	(1185, 270, 8, 2, 0),
	(1186, 216, 7, 1, 0),
	(1187, 391, 11, 1, 0),
	(1188, 336, 10, 2, 0),
	(1189, 271, 8, 3, 0),
	(1190, 217, 7, 3, 0),
	(1191, 392, 11, 4, 0),
	(1192, 337, 10, 2, 0),
	(1193, 272, 8, 3, 0),
	(1194, 218, 7, 5, 0),
	(1195, 393, 11, 4, 0),
	(1196, 338, 10, 1, 0),
	(1197, 219, 7, 5, 0),
	(1198, 273, 8, 2, 0),
	(1199, 394, 11, 4, 0),
	(1200, 339, 10, 2, 0),
	(1201, 274, 8, 1, 0),
	(1202, 220, 7, 5, 0),
	(1203, 395, 11, 3, 0),
	(1204, 340, 10, 4, 0),
	(1205, 221, 7, 5, 0),
	(1206, 275, 8, 4, 0),
	(1207, 396, 11, 3, 0),
	(1208, 341, 10, 4, 0),
	(1209, 222, 7, 3, 0),
	(1210, 276, 8, 2, 0),
	(1211, 397, 11, 4, 0),
	(1212, 342, 10, 3, 0),
	(1213, 223, 7, 4, 0),
	(1214, 398, 11, 3, 0),
	(1215, 343, 10, 1, 0),
	(1216, 277, 8, 4, 0),
	(1217, 224, 7, 2, 0),
	(1218, 399, 11, 2, 0),
	(1219, 344, 10, 2, 0),
	(1220, 278, 8, 2, 0),
	(1221, 279, 8, 5, 0),
	(1222, 225, 7, 4, 0),
	(1223, 400, 11, 2, 0),
	(1224, 345, 10, 4, 0),
	(1225, 280, 8, 1, 0),
	(1226, 226, 7, 5, 0),
	(1227, 346, 10, 4, 0),
	(1228, 401, 11, 4, 0),
	(1229, 281, 8, 3, 0),
	(1230, 227, 7, 4, 0),
	(1231, 402, 11, 3, 0),
	(1232, 347, 10, 4, 0),
	(1233, 282, 8, 3, 0),
	(1234, 228, 7, 5, 0),
	(1235, 348, 10, 3, 0),
	(1236, 403, 11, 1, 0),
	(1237, 283, 8, 4, 0),
	(1238, 229, 7, 5, 0),
	(1239, 404, 11, 4, 0),
	(1240, 349, 10, 3, 0),
	(1241, 284, 8, 2, 0),
	(1242, 230, 7, 2, 0),
	(1243, 405, 11, 4, 0),
	(1244, 350, 10, 1, 0),
	(1245, 285, 8, 4, 0),
	(1246, 231, 7, 2, 0),
	(1247, 406, 11, 4, 0),
	(1248, 351, 10, 3, 0),
	(1249, 286, 8, 1, 0),
	(1250, 232, 7, 4, 0),
	(1251, 407, 11, 2, 0),
	(1252, 352, 10, 2, 0),
	(1253, 287, 8, 2, 0),
	(1254, 233, 7, 5, 0),
	(1255, 408, 11, 3, 0),
	(1256, 353, 10, 2, 0),
	(1257, 288, 8, 2, 0),
	(1258, 234, 7, 1, 0),
	(1259, 354, 10, 1, 0),
	(1260, 289, 8, 5, 0),
	(1261, 235, 7, 2, 0),
	(1262, 355, 10, 2, 0),
	(1263, 290, 8, 3, 0),
	(1264, 236, 7, 1, 0),
	(1265, 356, 10, 1, 0),
	(1266, 291, 8, 3, 0),
	(1267, 237, 7, 2, 0),
	(1268, 357, 10, 3, 0),
	(1269, 292, 8, 5, 0),
	(1270, 238, 7, 4, 0),
	(1271, 358, 10, 3, 0),
	(1272, 293, 8, 2, 0),
	(1273, 239, 7, 5, 0),
	(1274, 359, 10, 4, 0),
	(1275, 294, 8, 2, 0),
	(1276, 240, 7, 2, 0),
	(1277, 360, 10, 1, 0),
	(1278, 295, 8, 4, 0),
	(1279, 241, 7, 1, 0),
	(1280, 361, 10, 2, 0),
	(1281, 296, 8, 4, 0),
	(1282, 242, 7, 3, 0),
	(1283, 362, 10, 2, 0),
	(1284, 297, 8, 5, 0),
	(1285, 243, 7, 1, 0),
	(1286, 363, 10, 3, 0),
	(1287, 298, 8, 3, 0),
	(1288, 244, 7, 4, 0),
	(1289, 364, 10, 1, 0),
	(1290, 299, 8, 1, 0),
	(1291, 245, 7, 3, 0),
	(1292, 365, 10, 4, 0),
	(1293, 300, 8, 1, 0),
	(1294, 246, 7, 2, 0),
	(1295, 366, 10, 1, 0),
	(1296, 247, 7, 5, 0),
	(1297, 301, 8, 4, 0),
	(1298, 367, 10, 3, 0),
	(1299, 248, 7, 2, 0),
	(1300, 368, 10, 3, 0),
	(1301, 302, 8, 4, 0),
	(1302, 249, 7, 2, 0),
	(1303, 369, 10, 1, 0),
	(1304, 303, 8, 2, 0),
	(1305, 250, 7, 1, 0),
	(1306, 370, 10, 1, 0),
	(1307, 304, 8, 1, 0),
	(1308, 251, 7, 5, 0),
	(1309, 371, 10, 4, 0),
	(1310, 305, 8, 3, 0),
	(1311, 252, 7, 5, 0),
	(1312, 372, 10, 3, 0),
	(1313, 306, 8, 4, 0),
	(1314, 253, 7, 2, 0),
	(1315, 373, 10, 2, 0),
	(1316, 307, 8, 3, 0),
	(1317, 308, 8, 5, 0),
	(1318, 254, 7, 3, 0),
	(1319, 374, 10, 2, 0),
	(1320, 309, 8, 4, 0),
	(1321, 255, 7, 2, 0),
	(1322, 375, 10, 3, 0),
	(1323, 310, 8, 3, 0),
	(1324, 256, 7, 4, 0),
	(1325, 376, 10, 4, 0),
	(1326, 311, 8, 5, 0),
	(1327, 257, 7, 1, 0),
	(1328, 377, 10, 4, 0),
	(1329, 312, 8, 5, 0),
	(1330, 258, 7, 2, 0),
	(1331, 378, 10, 1, 0),
	(1332, 313, 8, 2, 0),
	(1333, 314, 8, 5, 0),
	(1334, 259, 7, 1, 0),
	(1335, 379, 10, 4, 0),
	(1336, 260, 7, 5, 0),
	(1337, 380, 10, 3, 0),
	(1338, 315, 8, 2, 0),
	(1339, 261, 7, 4, 0),
	(1340, 381, 10, 3, 0),
	(1341, 316, 8, 2, 0),
	(1342, 317, 8, 4, 0),
	(1343, 262, 7, 3, 0),
	(1344, 382, 10, 3, 0),
	(1345, 318, 8, 1, 0),
	(1346, 263, 7, 2, 0),
	(1347, 383, 10, 4, 0),
	(1348, 319, 8, 5, 0),
	(1349, 264, 7, 3, 0),
	(1350, 384, 10, 4, 0),
	(1351, 265, 7, 2, 0),
	(1352, 385, 10, 3, 0),
	(1353, 320, 8, 5, 0),
	(1354, 266, 7, 2, 0),
	(1355, 321, 8, 4, 0),
	(1356, 386, 10, 4, 0),
	(1357, 322, 8, 2, 0),
	(1358, 267, 7, 5, 0),
	(1359, 387, 10, 1, 0),
	(1360, 323, 8, 2, 0),
	(1361, 268, 7, 5, 0),
	(1362, 388, 10, 3, 0),
	(1363, 324, 8, 2, 0),
	(1364, 269, 7, 5, 0),
	(1365, 389, 10, 4, 0),
	(1366, 325, 8, 4, 0),
	(1367, 270, 7, 1, 0),
	(1368, 390, 10, 3, 0),
	(1369, 271, 7, 4, 0),
	(1370, 391, 10, 4, 0),
	(1371, 326, 8, 1, 0),
	(1372, 272, 7, 2, 0),
	(1373, 392, 10, 1, 0),
	(1374, 327, 8, 4, 0),
	(1375, 273, 7, 4, 0),
	(1376, 393, 10, 1, 0),
	(1377, 328, 8, 3, 0),
	(1378, 329, 8, 3, 0),
	(1379, 274, 7, 3, 0),
	(1380, 394, 10, 3, 0),
	(1381, 330, 8, 5, 0),
	(1382, 275, 7, 4, 0),
	(1383, 395, 10, 3, 0),
	(1384, 276, 7, 4, 0),
	(1385, 396, 10, 2, 0),
	(1386, 331, 8, 2, 0),
	(1387, 277, 7, 4, 0),
	(1388, 397, 10, 2, 0),
	(1389, 332, 8, 3, 0),
	(1390, 278, 7, 5, 0),
	(1391, 398, 10, 2, 0),
	(1392, 333, 8, 1, 0),
	(1393, 279, 7, 2, 0),
	(1394, 399, 10, 2, 0),
	(1395, 334, 8, 4, 0),
	(1396, 280, 7, 2, 0),
	(1397, 400, 10, 3, 0),
	(1398, 335, 8, 5, 0),
	(1399, 336, 8, 1, 0),
	(1400, 281, 7, 1, 0),
	(1401, 401, 10, 4, 0),
	(1402, 337, 8, 5, 0),
	(1403, 282, 7, 3, 0),
	(1404, 402, 10, 2, 0),
	(1405, 338, 8, 5, 0),
	(1406, 283, 7, 3, 0),
	(1407, 403, 10, 1, 0),
	(1408, 339, 8, 2, 0),
	(1409, 284, 7, 4, 0),
	(1410, 404, 10, 1, 0),
	(1411, 340, 8, 4, 0),
	(1412, 285, 7, 4, 0),
	(1413, 405, 10, 1, 0),
	(1414, 286, 7, 5, 0),
	(1415, 406, 10, 2, 0),
	(1416, 341, 8, 4, 0),
	(1417, 342, 8, 5, 0),
	(1418, 287, 7, 3, 0),
	(1419, 407, 10, 3, 0),
	(1420, 343, 8, 2, 0),
	(1421, 288, 7, 2, 0),
	(1422, 408, 10, 4, 0),
	(1423, 344, 8, 2, 0),
	(1424, 289, 7, 3, 0),
	(1425, 290, 7, 4, 0),
	(1426, 345, 8, 5, 0),
	(1427, 291, 7, 3, 0),
	(1428, 346, 8, 3, 0),
	(1429, 292, 7, 4, 0),
	(1430, 347, 8, 1, 0),
	(1431, 293, 7, 1, 0),
	(1432, 348, 8, 2, 0),
	(1433, 294, 7, 4, 0),
	(1434, 349, 8, 2, 0),
	(1435, 295, 7, 5, 0),
	(1436, 350, 8, 1, 0),
	(1437, 296, 7, 5, 0),
	(1438, 351, 8, 2, 0),
	(1439, 297, 7, 2, 0),
	(1440, 352, 8, 4, 0),
	(1441, 298, 7, 2, 0),
	(1442, 353, 8, 4, 0),
	(1443, 299, 7, 4, 0),
	(1444, 354, 8, 3, 0),
	(1445, 300, 7, 4, 0),
	(1446, 355, 8, 2, 0),
	(1447, 356, 8, 5, 0),
	(1448, 301, 7, 5, 0),
	(1449, 357, 8, 1, 0),
	(1450, 302, 7, 3, 0),
	(1451, 358, 8, 5, 0),
	(1452, 303, 7, 1, 0),
	(1453, 359, 8, 2, 0),
	(1454, 304, 7, 4, 0),
	(1455, 360, 8, 5, 0),
	(1456, 305, 7, 2, 0),
	(1457, 361, 8, 4, 0),
	(1458, 306, 7, 5, 0),
	(1459, 362, 8, 5, 0),
	(1460, 307, 7, 2, 0),
	(1461, 363, 8, 5, 0),
	(1462, 308, 7, 4, 0),
	(1463, 364, 8, 5, 0),
	(1464, 309, 7, 3, 0),
	(1465, 365, 8, 2, 0),
	(1466, 310, 7, 5, 0),
	(1467, 366, 8, 5, 0),
	(1468, 311, 7, 4, 0),
	(1469, 367, 8, 1, 0),
	(1470, 312, 7, 2, 0),
	(1471, 368, 8, 3, 0),
	(1472, 313, 7, 1, 0),
	(1473, 369, 8, 2, 0),
	(1474, 314, 7, 5, 0),
	(1475, 370, 8, 3, 0),
	(1476, 315, 7, 2, 0),
	(1477, 371, 8, 2, 0),
	(1478, 316, 7, 1, 0),
	(1479, 372, 8, 2, 0),
	(1480, 317, 7, 2, 0),
	(1481, 373, 8, 1, 0),
	(1482, 318, 7, 3, 0),
	(1483, 374, 8, 1, 0),
	(1484, 319, 7, 1, 0),
	(1485, 320, 7, 5, 0),
	(1486, 375, 8, 1, 0),
	(1487, 376, 8, 3, 0),
	(1488, 321, 7, 5, 0),
	(1489, 377, 8, 3, 0),
	(1490, 322, 7, 3, 0),
	(1491, 378, 8, 1, 0),
	(1492, 323, 7, 1, 0),
	(1493, 379, 8, 4, 0),
	(1494, 324, 7, 1, 0),
	(1495, 325, 7, 2, 0),
	(1496, 380, 8, 2, 0),
	(1497, 381, 8, 3, 0),
	(1498, 326, 7, 2, 0),
	(1499, 327, 7, 5, 0),
	(1500, 382, 8, 4, 0),
	(1501, 328, 7, 3, 0),
	(1502, 383, 8, 4, 0),
	(1503, 329, 7, 4, 0),
	(1504, 384, 8, 5, 0),
	(1505, 330, 7, 1, 0),
	(1506, 385, 8, 1, 0),
	(1507, 331, 7, 1, 0),
	(1508, 386, 8, 4, 0),
	(1509, 332, 7, 4, 0),
	(1510, 387, 8, 4, 0),
	(1511, 333, 7, 3, 0),
	(1512, 388, 8, 4, 0),
	(1513, 334, 7, 1, 0),
	(1514, 389, 8, 2, 0),
	(1515, 335, 7, 3, 0),
	(1516, 390, 8, 1, 0),
	(1517, 336, 7, 2, 0),
	(1518, 391, 8, 5, 0),
	(1519, 337, 7, 3, 0),
	(1520, 392, 8, 2, 0),
	(1521, 338, 7, 4, 0),
	(1522, 393, 8, 1, 0),
	(1523, 394, 8, 2, 0),
	(1524, 339, 7, 1, 0),
	(1525, 395, 8, 4, 0),
	(1526, 340, 7, 1, 0),
	(1527, 396, 8, 3, 0),
	(1528, 341, 7, 4, 0),
	(1529, 397, 8, 2, 0),
	(1530, 342, 7, 3, 0),
	(1531, 398, 8, 2, 0),
	(1532, 343, 7, 2, 0),
	(1533, 399, 8, 5, 0),
	(1534, 344, 7, 3, 0),
	(1535, 400, 8, 2, 0),
	(1536, 345, 7, 2, 0),
	(1537, 401, 8, 1, 0),
	(1538, 346, 7, 3, 0),
	(1539, 402, 8, 5, 0),
	(1540, 347, 7, 5, 0),
	(1541, 403, 8, 3, 0),
	(1542, 348, 7, 4, 0),
	(1543, 404, 8, 4, 0),
	(1544, 349, 7, 4, 0),
	(1545, 405, 8, 5, 0),
	(1546, 350, 7, 5, 0),
	(1547, 406, 8, 4, 0),
	(1548, 351, 7, 3, 0),
	(1549, 407, 8, 4, 0),
	(1550, 352, 7, 4, 0),
	(1551, 408, 8, 2, 0),
	(1552, 353, 7, 5, 0),
	(1553, 354, 7, 1, 0),
	(1554, 355, 7, 1, 0),
	(1555, 356, 7, 5, 0),
	(1556, 357, 7, 2, 0),
	(1557, 358, 7, 1, 0),
	(1558, 359, 7, 5, 0),
	(1559, 360, 7, 1, 0),
	(1560, 361, 7, 1, 0),
	(1561, 362, 7, 4, 0),
	(1562, 363, 7, 5, 0),
	(1563, 364, 7, 1, 0),
	(1564, 365, 7, 1, 0),
	(1565, 366, 7, 1, 0),
	(1566, 367, 7, 5, 0),
	(1567, 368, 7, 1, 0),
	(1568, 369, 7, 4, 0),
	(1569, 370, 7, 4, 0),
	(1570, 371, 7, 1, 0),
	(1571, 372, 7, 5, 0),
	(1572, 373, 7, 3, 0),
	(1573, 374, 7, 3, 0),
	(1574, 375, 7, 1, 0),
	(1575, 376, 7, 5, 0),
	(1576, 377, 7, 3, 0),
	(1577, 378, 7, 5, 0),
	(1578, 379, 7, 1, 0),
	(1579, 380, 7, 3, 0),
	(1580, 381, 7, 3, 0),
	(1581, 382, 7, 2, 0),
	(1582, 383, 7, 4, 0),
	(1583, 384, 7, 3, 0),
	(1584, 385, 7, 1, 0),
	(1585, 386, 7, 1, 0),
	(1586, 387, 7, 1, 0),
	(1587, 388, 7, 4, 0),
	(1588, 389, 7, 2, 0),
	(1589, 390, 7, 3, 0),
	(1590, 391, 7, 4, 0),
	(1591, 392, 7, 1, 0),
	(1592, 393, 7, 2, 0),
	(1593, 394, 7, 2, 0),
	(1594, 395, 7, 3, 0),
	(1595, 396, 7, 4, 0),
	(1596, 397, 7, 2, 0),
	(1597, 398, 7, 1, 0),
	(1598, 399, 7, 2, 0),
	(1599, 400, 7, 3, 0),
	(1600, 401, 7, 3, 0),
	(1601, 402, 7, 1, 0),
	(1602, 403, 7, 1, 0),
	(1603, 404, 7, 5, 0),
	(1604, 405, 7, 5, 0),
	(1605, 406, 7, 1, 0),
	(1606, 407, 7, 4, 0),
	(1607, 408, 7, 3, 0),
	(1634, 209, 13, 3, 0),
	(1635, 210, 13, 1, 0),
	(1636, 211, 13, 4, 0),
	(1637, 212, 13, 1, 0),
	(1638, 213, 13, 2, 0),
	(1639, 214, 13, 2, 0),
	(1640, 215, 13, 3, 0),
	(1641, 216, 13, 2, 0),
	(1642, 217, 13, 2, 0),
	(1643, 218, 13, 3, 0),
	(1644, 219, 13, 1, 0),
	(1645, 220, 13, 1, 0),
	(1646, 221, 13, 1, 0),
	(1647, 222, 13, 2, 0),
	(1648, 223, 13, 2, 0),
	(1649, 224, 13, 3, 0),
	(1650, 225, 13, 1, 0),
	(1651, 226, 13, 4, 0),
	(1652, 227, 13, 3, 0),
	(1653, 228, 13, 4, 0),
	(1654, 229, 13, 2, 0),
	(1655, 230, 13, 1, 0),
	(1656, 231, 13, 1, 0),
	(1657, 232, 13, 4, 0),
	(1658, 233, 13, 2, 0),
	(1659, 234, 13, 4, 0),
	(1660, 235, 13, 3, 0),
	(1661, 236, 13, 4, 0),
	(1662, 237, 13, 4, 0),
	(1663, 238, 13, 2, 0),
	(1664, 239, 13, 1, 0),
	(1665, 240, 13, 4, 0),
	(1666, 241, 13, 2, 0),
	(1667, 242, 13, 1, 0),
	(1668, 243, 13, 3, 0),
	(1669, 244, 13, 3, 0),
	(1670, 245, 13, 3, 0),
	(1671, 246, 13, 1, 0),
	(1672, 247, 13, 1, 0),
	(1673, 248, 13, 2, 0),
	(1674, 249, 13, 4, 0),
	(1675, 250, 13, 1, 0),
	(1676, 251, 13, 4, 0),
	(1677, 252, 13, 4, 0),
	(1678, 253, 13, 3, 0),
	(1679, 254, 13, 1, 0),
	(1680, 255, 13, 2, 0),
	(1681, 256, 13, 3, 0),
	(1682, 257, 13, 4, 0),
	(1683, 258, 13, 4, 0),
	(1684, 259, 13, 4, 0),
	(1685, 260, 13, 4, 0),
	(1686, 261, 13, 2, 0),
	(1687, 262, 13, 3, 0),
	(1688, 263, 13, 2, 0),
	(1689, 264, 13, 3, 0),
	(1690, 265, 13, 3, 0),
	(1691, 266, 13, 1, 0),
	(1692, 267, 13, 2, 0),
	(1693, 268, 13, 2, 0),
	(1694, 269, 13, 1, 0),
	(1695, 270, 13, 4, 0),
	(1696, 271, 13, 3, 0),
	(1697, 272, 13, 3, 0),
	(1698, 273, 13, 1, 0),
	(1699, 274, 13, 3, 0),
	(1700, 275, 13, 4, 0),
	(1701, 276, 13, 1, 0),
	(1702, 277, 13, 3, 0),
	(1703, 278, 13, 3, 0),
	(1704, 279, 13, 4, 0),
	(1705, 280, 13, 4, 0),
	(1706, 281, 13, 2, 0),
	(1707, 282, 13, 3, 0),
	(1708, 283, 13, 1, 0),
	(1709, 284, 13, 3, 0),
	(1710, 285, 13, 4, 0),
	(1711, 286, 13, 4, 0),
	(1712, 287, 13, 1, 0),
	(1713, 288, 13, 1, 0),
	(1714, 289, 13, 3, 0),
	(1715, 290, 13, 3, 0),
	(1716, 291, 13, 4, 0),
	(1717, 292, 13, 4, 0),
	(1718, 293, 13, 2, 0),
	(1719, 294, 13, 4, 0),
	(1720, 295, 13, 1, 0),
	(1721, 296, 13, 2, 0),
	(1722, 297, 13, 4, 0),
	(1723, 298, 13, 1, 0),
	(1724, 299, 13, 2, 0),
	(1725, 300, 13, 3, 0),
	(1726, 301, 13, 2, 0),
	(1727, 302, 13, 1, 0),
	(1728, 303, 13, 3, 0),
	(1729, 304, 13, 4, 0),
	(1730, 305, 13, 4, 0),
	(1731, 306, 13, 2, 0),
	(1732, 307, 13, 4, 0),
	(1733, 308, 13, 1, 0),
	(1734, 309, 13, 3, 0),
	(1735, 310, 13, 3, 0),
	(1736, 311, 13, 2, 0),
	(1737, 312, 13, 2, 0),
	(1738, 313, 13, 1, 0),
	(1739, 314, 13, 3, 0),
	(1740, 315, 13, 1, 0),
	(1741, 316, 13, 2, 0),
	(1742, 317, 13, 1, 0),
	(1743, 318, 13, 4, 0),
	(1744, 319, 13, 1, 0),
	(1745, 320, 13, 1, 0),
	(1746, 321, 13, 1, 0),
	(1747, 322, 13, 2, 0),
	(1748, 323, 13, 1, 0),
	(1749, 324, 13, 1, 0),
	(1750, 325, 13, 1, 0),
	(1751, 326, 13, 3, 0),
	(1752, 327, 13, 2, 0),
	(1753, 328, 13, 2, 0),
	(1754, 329, 13, 3, 0),
	(1755, 330, 13, 4, 0),
	(1756, 331, 13, 4, 0),
	(1757, 332, 13, 4, 0),
	(1758, 333, 13, 1, 0),
	(1759, 334, 13, 1, 0),
	(1760, 335, 13, 3, 0),
	(1761, 336, 13, 2, 0),
	(1762, 337, 13, 2, 0),
	(1763, 338, 13, 2, 0),
	(1764, 339, 13, 1, 0),
	(1765, 340, 13, 4, 0),
	(1766, 341, 13, 2, 0),
	(1767, 342, 13, 4, 0),
	(1768, 343, 13, 1, 0),
	(1769, 344, 13, 4, 0),
	(1770, 345, 13, 2, 0),
	(1771, 346, 13, 4, 0),
	(1772, 347, 13, 3, 0),
	(1773, 348, 13, 3, 0),
	(1774, 349, 13, 3, 0),
	(1775, 350, 13, 3, 0),
	(1776, 351, 13, 4, 0),
	(1777, 352, 13, 3, 0),
	(1778, 353, 13, 4, 0),
	(1779, 354, 13, 1, 0),
	(1780, 355, 13, 2, 0),
	(1781, 356, 13, 1, 0),
	(1782, 357, 13, 4, 0),
	(1783, 358, 13, 4, 0),
	(1784, 359, 13, 1, 0),
	(1785, 360, 13, 4, 0),
	(1786, 361, 13, 1, 0),
	(1787, 362, 13, 2, 0),
	(1788, 363, 13, 4, 0),
	(1789, 364, 13, 2, 0),
	(1790, 365, 13, 1, 0),
	(1791, 366, 13, 1, 0),
	(1792, 367, 13, 4, 0),
	(1793, 368, 13, 3, 0),
	(1794, 369, 13, 2, 0),
	(1795, 370, 13, 3, 0),
	(1796, 371, 13, 4, 0),
	(1797, 372, 13, 4, 0),
	(1798, 373, 13, 3, 0),
	(1799, 374, 13, 3, 0),
	(1800, 375, 13, 4, 0),
	(1801, 376, 13, 2, 0),
	(1802, 377, 13, 3, 0),
	(1803, 378, 13, 3, 0),
	(1804, 379, 13, 2, 0),
	(1805, 380, 13, 1, 0),
	(1806, 381, 13, 1, 0),
	(1807, 382, 13, 4, 0),
	(1808, 383, 13, 2, 0),
	(1809, 384, 13, 1, 0),
	(1810, 385, 13, 4, 0),
	(1811, 386, 13, 1, 0),
	(1812, 387, 13, 4, 0),
	(1813, 388, 13, 2, 0),
	(1814, 389, 13, 3, 0),
	(1815, 390, 13, 4, 0),
	(1816, 391, 13, 1, 0),
	(1817, 392, 13, 2, 0),
	(1818, 393, 13, 2, 0),
	(1819, 394, 13, 3, 0),
	(1820, 395, 13, 1, 0),
	(1821, 396, 13, 2, 0),
	(1822, 397, 13, 3, 0),
	(1823, 398, 13, 3, 0),
	(1824, 399, 13, 4, 0),
	(1825, 400, 13, 1, 0),
	(1826, 401, 13, 4, 0),
	(1827, 402, 13, 4, 0),
	(1828, 403, 13, 4, 0),
	(1829, 404, 13, 2, 0),
	(1830, 405, 13, 2, 0),
	(1831, 406, 13, 1, 0),
	(1832, 407, 13, 4, 0),
	(1833, 408, 13, 1, 0),
	(1834, 209, 14, 2, 0),
	(1835, 210, 14, 1, 0),
	(1836, 211, 14, 3, 0),
	(1837, 212, 14, 4, 0),
	(1838, 213, 14, 3, 0),
	(1839, 214, 14, 4, 0),
	(1840, 215, 14, 3, 0),
	(1841, 216, 14, 3, 0),
	(1842, 217, 14, 4, 0),
	(1843, 218, 14, 2, 0),
	(1844, 219, 14, 4, 0),
	(1845, 220, 14, 1, 0),
	(1846, 221, 14, 4, 0),
	(1847, 222, 14, 4, 0),
	(1848, 223, 14, 1, 0),
	(1849, 224, 14, 2, 0),
	(1850, 225, 14, 2, 0),
	(1851, 226, 14, 4, 0),
	(1852, 227, 14, 2, 0),
	(1853, 228, 14, 4, 0),
	(1854, 229, 14, 4, 0),
	(1855, 230, 14, 2, 0),
	(1856, 231, 14, 2, 0),
	(1857, 232, 14, 4, 0),
	(1858, 233, 14, 4, 0),
	(1859, 234, 14, 3, 0),
	(1860, 235, 14, 1, 0),
	(1861, 236, 14, 1, 0),
	(1862, 237, 14, 3, 0),
	(1863, 238, 14, 2, 0),
	(1864, 239, 14, 1, 0),
	(1865, 240, 14, 2, 0),
	(1866, 241, 14, 4, 0),
	(1867, 242, 14, 2, 0),
	(1868, 243, 14, 4, 0),
	(1869, 244, 14, 1, 0),
	(1870, 245, 14, 2, 0),
	(1871, 246, 14, 2, 0),
	(1872, 247, 14, 3, 0),
	(1873, 248, 14, 3, 0),
	(1874, 249, 14, 1, 0),
	(1875, 250, 14, 2, 0),
	(1876, 251, 14, 3, 0),
	(1877, 252, 14, 3, 0),
	(1878, 253, 14, 1, 0),
	(1879, 254, 14, 1, 0),
	(1880, 255, 14, 2, 0),
	(1881, 256, 14, 4, 0),
	(1882, 257, 14, 2, 0),
	(1883, 258, 14, 4, 0),
	(1884, 259, 14, 1, 0),
	(1885, 260, 14, 1, 0),
	(1886, 261, 14, 2, 0),
	(1887, 262, 14, 3, 0),
	(1888, 263, 14, 1, 0),
	(1889, 264, 14, 4, 0),
	(1890, 265, 14, 1, 0),
	(1891, 266, 14, 2, 0),
	(1892, 267, 14, 2, 0),
	(1893, 268, 14, 2, 0),
	(1894, 269, 14, 1, 0),
	(1895, 270, 14, 3, 0),
	(1896, 271, 14, 1, 0),
	(1897, 272, 14, 1, 0),
	(1898, 273, 14, 1, 0),
	(1899, 274, 14, 3, 0),
	(1900, 275, 14, 2, 0),
	(1901, 276, 14, 2, 0),
	(1902, 277, 14, 2, 0),
	(1903, 278, 14, 3, 0),
	(1904, 279, 14, 3, 0),
	(1905, 280, 14, 3, 0),
	(1906, 281, 14, 1, 0),
	(1907, 282, 14, 1, 0),
	(1908, 283, 14, 4, 0),
	(1909, 284, 14, 3, 0),
	(1910, 285, 14, 2, 0),
	(1911, 286, 14, 4, 0),
	(1912, 287, 14, 2, 0),
	(1913, 288, 14, 2, 0),
	(1914, 289, 14, 3, 0),
	(1915, 290, 14, 2, 0),
	(1916, 291, 14, 2, 0),
	(1917, 292, 14, 2, 0),
	(1918, 293, 14, 2, 0),
	(1919, 294, 14, 1, 0),
	(1920, 295, 14, 4, 0),
	(1921, 296, 14, 4, 0),
	(1922, 297, 14, 3, 0),
	(1923, 298, 14, 1, 0),
	(1924, 299, 14, 4, 0),
	(1925, 300, 14, 1, 0),
	(1926, 301, 14, 4, 0),
	(1927, 302, 14, 4, 0),
	(1928, 303, 14, 3, 0),
	(1929, 304, 14, 3, 0),
	(1930, 305, 14, 3, 0),
	(1931, 306, 14, 3, 0),
	(1932, 307, 14, 2, 0),
	(1933, 308, 14, 3, 0),
	(1934, 309, 14, 1, 0),
	(1935, 310, 14, 3, 0),
	(1936, 311, 14, 2, 0),
	(1937, 312, 14, 4, 0),
	(1938, 313, 14, 2, 0),
	(1939, 314, 14, 1, 0),
	(1940, 315, 14, 3, 0),
	(1941, 316, 14, 4, 0),
	(1942, 317, 14, 4, 0),
	(1943, 318, 14, 2, 0),
	(1944, 319, 14, 3, 0),
	(1945, 320, 14, 2, 0),
	(1946, 321, 14, 1, 0),
	(1947, 322, 14, 1, 0),
	(1948, 323, 14, 4, 0),
	(1949, 324, 14, 2, 0),
	(1950, 325, 14, 2, 0),
	(1951, 326, 14, 4, 0),
	(1952, 327, 14, 3, 0),
	(1953, 328, 14, 4, 0),
	(1954, 329, 14, 4, 0),
	(1955, 330, 14, 2, 0),
	(1956, 331, 14, 4, 0),
	(1957, 332, 14, 1, 0),
	(1958, 333, 14, 2, 0),
	(1959, 334, 14, 3, 0),
	(1960, 335, 14, 1, 0),
	(1961, 336, 14, 4, 0),
	(1962, 337, 14, 4, 0),
	(1963, 338, 14, 4, 0),
	(1964, 339, 14, 2, 0),
	(1965, 340, 14, 4, 0),
	(1966, 341, 14, 4, 0),
	(1967, 342, 14, 2, 0),
	(1968, 343, 14, 2, 0),
	(1969, 344, 14, 4, 0),
	(1970, 345, 14, 2, 0),
	(1971, 346, 14, 1, 0),
	(1972, 347, 14, 1, 0),
	(1973, 348, 14, 3, 0),
	(1974, 349, 14, 3, 0),
	(1975, 350, 14, 3, 0),
	(1976, 351, 14, 3, 0),
	(1977, 352, 14, 3, 0),
	(1978, 353, 14, 1, 0),
	(1979, 354, 14, 3, 0),
	(1980, 355, 14, 2, 0),
	(1981, 356, 14, 1, 0),
	(1982, 357, 14, 1, 0),
	(1983, 358, 14, 1, 0),
	(1984, 359, 14, 2, 0),
	(1985, 360, 14, 4, 0),
	(1986, 361, 14, 1, 0),
	(1987, 362, 14, 2, 0),
	(1988, 363, 14, 2, 0),
	(1989, 364, 14, 2, 0),
	(1990, 365, 14, 2, 0),
	(1991, 366, 14, 2, 0),
	(1992, 367, 14, 2, 0),
	(1993, 368, 14, 2, 0),
	(1994, 369, 14, 4, 0),
	(1995, 370, 14, 3, 0),
	(1996, 371, 14, 2, 0),
	(1997, 372, 14, 1, 0),
	(1998, 373, 14, 1, 0),
	(1999, 374, 14, 4, 0),
	(2000, 375, 14, 1, 0),
	(2001, 376, 14, 3, 0),
	(2002, 377, 14, 3, 0),
	(2003, 378, 14, 4, 0),
	(2004, 379, 14, 4, 0),
	(2005, 380, 14, 3, 0),
	(2006, 381, 14, 1, 0),
	(2007, 382, 14, 3, 0),
	(2008, 383, 14, 2, 0),
	(2009, 384, 14, 2, 0),
	(2010, 385, 14, 4, 0),
	(2011, 386, 14, 1, 0),
	(2012, 387, 14, 2, 0),
	(2013, 388, 14, 3, 0),
	(2014, 389, 14, 4, 0),
	(2015, 390, 14, 4, 0),
	(2016, 391, 14, 2, 0),
	(2017, 392, 14, 3, 0),
	(2018, 393, 14, 4, 0),
	(2019, 394, 14, 4, 0),
	(2020, 395, 14, 3, 0),
	(2021, 396, 14, 1, 0),
	(2022, 397, 14, 2, 0),
	(2023, 398, 14, 2, 0),
	(2024, 399, 14, 3, 0),
	(2025, 400, 14, 1, 0),
	(2026, 401, 14, 3, 0),
	(2027, 402, 14, 2, 0),
	(2028, 403, 14, 4, 0),
	(2029, 404, 14, 1, 0),
	(2030, 405, 14, 4, 0),
	(2031, 406, 14, 3, 0),
	(2032, 407, 14, 1, 0),
	(2033, 408, 14, 1, 0);
/*!40000 ALTER TABLE `entidade_pessoa_avaliacao` ENABLE KEYS */;

-- Copiando estrutura para tabela intercom.entidade_pessoa_grupo
CREATE TABLE IF NOT EXISTS `entidade_pessoa_grupo` (
  `id` int(10) unsigned NOT NULL AUTO_INCREMENT,
  `idEntidade_pessoa` int(10) unsigned NOT NULL,
  `idEntidade_grupo` int(10) unsigned NOT NULL,
  `idEntidade_grupo_valor` int(10) unsigned NOT NULL,
  PRIMARY KEY (`id`),
  KEY `FK__smsescola_entidade_pessoa` (`idEntidade_pessoa`),
  KEY `FK__smsescola_entidade_grupo` (`idEntidade_grupo`),
  KEY `FK__smsescola_entidade_grupo_valor` (`idEntidade_grupo_valor`),
  CONSTRAINT `FK__smsescola_entidade_grupo` FOREIGN KEY (`idEntidade_grupo`) REFERENCES `entidade_classificacao` (`id`) ON DELETE CASCADE ON UPDATE CASCADE,
  CONSTRAINT `FK__smsescola_entidade_grupo_valor` FOREIGN KEY (`idEntidade_grupo_valor`) REFERENCES `entidade_classificacao_valor` (`id`) ON DELETE CASCADE ON UPDATE CASCADE,
  CONSTRAINT `FK__smsescola_entidade_pessoa` FOREIGN KEY (`idEntidade_pessoa`) REFERENCES `entidade_pessoa` (`id`) ON DELETE CASCADE ON UPDATE CASCADE
) ENGINE=InnoDB DEFAULT CHARSET=utf8;

-- Copiando dados para a tabela intercom.entidade_pessoa_grupo: ~0 rows (aproximadamente)
/*!40000 ALTER TABLE `entidade_pessoa_grupo` DISABLE KEYS */;
/*!40000 ALTER TABLE `entidade_pessoa_grupo` ENABLE KEYS */;

-- Copiando estrutura para tabela intercom.formulario
CREATE TABLE IF NOT EXISTS `formulario` (
  `id` int(11) unsigned NOT NULL AUTO_INCREMENT COMMENT 'id hidden',
  `nome` varchar(250) NOT NULL COMMENT 'r c %Geral% [Nome]',
  `slug` varchar(250) NOT NULL,
  `programa` varchar(250) NOT NULL COMMENT 'r c [Programa]',
  `idMidia` int(11) unsigned NOT NULL COMMENT 'r [Imagem] midia img',
  `idMidia2` int(11) unsigned NOT NULL COMMENT 'r [Logo] midia img',
  `idAdmin` int(11) unsigned NOT NULL COMMENT 'admin',
  `formulario_pergunta` tinyint(1) unsigned NOT NULL COMMENT '%Perguntas% 1',
  `data` timestamp NOT NULL DEFAULT CURRENT_TIMESTAMP ON UPDATE CURRENT_TIMESTAMP,
  `cache` text NOT NULL,
  PRIMARY KEY (`id`),
  KEY `idMidia` (`idMidia`),
  KEY `idMidia2` (`idMidia2`),
  KEY `idAdmin` (`idAdmin`),
  KEY `slug` (`slug`),
  CONSTRAINT `FK_formulario_admin` FOREIGN KEY (`idAdmin`) REFERENCES `admin` (`id`) ON DELETE CASCADE ON UPDATE CASCADE,
  CONSTRAINT `FK_formulario_midia` FOREIGN KEY (`idMidia`) REFERENCES `midia` (`id`) ON DELETE CASCADE ON UPDATE CASCADE,
  CONSTRAINT `FK_formulario_midia_2` FOREIGN KEY (`idMidia2`) REFERENCES `midia` (`id`) ON DELETE CASCADE ON UPDATE CASCADE
) ENGINE=InnoDB DEFAULT CHARSET=utf8;

-- Copiando dados para a tabela intercom.formulario: ~0 rows (aproximadamente)
/*!40000 ALTER TABLE `formulario` DISABLE KEYS */;
/*!40000 ALTER TABLE `formulario` ENABLE KEYS */;

-- Copiando estrutura para tabela intercom.formulario_pergunta
CREATE TABLE IF NOT EXISTS `formulario_pergunta` (
  `id` int(11) unsigned NOT NULL AUTO_INCREMENT COMMENT 'id hidden',
  `idFormulario` int(11) unsigned NOT NULL COMMENT 'f [Formulário] reference-1 c',
  `idTipo_Pergunta` tinyint(1) unsigned NOT NULL COMMENT 'f [Tipo] v x2 c',
  `nome` varchar(250) NOT NULL COMMENT 'r [Pergunta] c',
  `obrigatorio` tinyint(1) unsigned NOT NULL COMMENT 'v check [Obrigatório] x1 c',
  `numerico` tinyint(1) unsigned NOT NULL COMMENT 'v check [Numérico] x1 c',
  `telefone` tinyint(1) unsigned NOT NULL COMMENT 'v check [Telefone] x1 c',
  `email` tinyint(1) unsigned NOT NULL COMMENT 'v check [E-mail] x1 c',
  `opcao1` varchar(250) NOT NULL COMMENT 'v [Opção_1] x4',
  `opcao2` varchar(250) NOT NULL COMMENT 'v [Opção_2] x4',
  `opcao3` varchar(250) NOT NULL COMMENT 'v [Opção_3] x4',
  `opcao4` varchar(250) NOT NULL COMMENT 'v [Opção_4] x4',
  `opcao5` varchar(250) NOT NULL COMMENT 'v [Opção_5] x4',
  `opcao6` varchar(250) NOT NULL COMMENT 'v [Opção_6] x4',
  `opcao7` varchar(250) NOT NULL COMMENT 'v [Opção_7] x4',
  `opcao8` varchar(250) NOT NULL COMMENT 'v [Opção_8] x4',
  `opcao9` varchar(250) NOT NULL COMMENT 'v [Opção_9] x4',
  `opcao10` varchar(250) NOT NULL COMMENT 'v [Opção_10] x4',
  `outro` tinyint(1) unsigned NOT NULL COMMENT 'v [Permitir_Outro] x4 check',
  `ordem` tinyint(3) unsigned NOT NULL COMMENT 'order',
  PRIMARY KEY (`id`),
  KEY `idFormulario` (`idFormulario`),
  KEY `idTipo` (`idTipo_Pergunta`),
  KEY `ordem` (`ordem`),
  CONSTRAINT `FK_formulario_pergunta_formulario` FOREIGN KEY (`idFormulario`) REFERENCES `formulario` (`id`) ON DELETE CASCADE ON UPDATE CASCADE,
  CONSTRAINT `FK_formulario_pergunta_tipo_pergunta` FOREIGN KEY (`idTipo_Pergunta`) REFERENCES `tipo_pergunta` (`id`) ON DELETE CASCADE ON UPDATE CASCADE
) ENGINE=InnoDB DEFAULT CHARSET=utf8;

-- Copiando dados para a tabela intercom.formulario_pergunta: ~0 rows (aproximadamente)
/*!40000 ALTER TABLE `formulario_pergunta` DISABLE KEYS */;
/*!40000 ALTER TABLE `formulario_pergunta` ENABLE KEYS */;

-- Copiando estrutura para tabela intercom.grupo_envio
CREATE TABLE IF NOT EXISTS `grupo_envio` (
  `id` int(10) unsigned NOT NULL AUTO_INCREMENT COMMENT 'id hidden',
  `nome` varchar(250) NOT NULL COMMENT 'v c [Nome]',
  `texto` text NOT NULL COMMENT 'v c [Texto]',
  PRIMARY KEY (`id`)
) ENGINE=InnoDB DEFAULT CHARSET=utf8;

-- Copiando dados para a tabela intercom.grupo_envio: ~0 rows (aproximadamente)
/*!40000 ALTER TABLE `grupo_envio` DISABLE KEYS */;
/*!40000 ALTER TABLE `grupo_envio` ENABLE KEYS */;

-- Copiando estrutura para tabela intercom.icone
CREATE TABLE IF NOT EXISTS `icone` (
  `id` int(11) unsigned NOT NULL AUTO_INCREMENT,
  `nome` varchar(250) NOT NULL,
  `valor` varchar(250) NOT NULL,
  PRIMARY KEY (`id`)
) ENGINE=InnoDB AUTO_INCREMENT=18 DEFAULT CHARSET=utf8;

-- Copiando dados para a tabela intercom.icone: ~17 rows (aproximadamente)
/*!40000 ALTER TABLE `icone` DISABLE KEYS */;
INSERT INTO `icone` (`id`, `nome`, `valor`) VALUES
	(1, 'add', 'plus'),
	(2, 'edit', 'pencil'),
	(3, 'list', 'list-alt'),
	(4, 'dash', 'dashboard'),
	(5, 'hd', 'hdd'),
	(6, 'gallery', 'modal-window'),
	(7, 'slider', 'option-horizontal'),
	(8, 'news', 'blackboard'),
	(9, 'config', 'cog'),
	(10, 'graph', 'signal'),
	(11, 'dolar', 'usd'),
	(12, 'phone', 'phone'),
	(13, 'talher', 'cutlery'),
	(14, 'user', 'user'),
	(15, 'pages', 'list'),
	(16, 'file', 'file'),
	(17, 'star', 'star');
/*!40000 ALTER TABLE `icone` ENABLE KEYS */;

-- Copiando estrutura para tabela intercom.idioma
CREATE TABLE IF NOT EXISTS `idioma` (
  `id` int(10) unsigned NOT NULL COMMENT 'id hidden',
  `nome` varchar(250) CHARACTER SET utf8 NOT NULL COMMENT 'v c [nome]',
  `lang` varchar(250) CHARACTER SET utf8 NOT NULL COMMENT 'v c [lang]',
  `ativo` tinyint(1) NOT NULL COMMENT 'v c [ativo]'
) ENGINE=InnoDB DEFAULT CHARSET=latin1;

-- Copiando dados para a tabela intercom.idioma: ~5 rows (aproximadamente)
/*!40000 ALTER TABLE `idioma` DISABLE KEYS */;
INSERT INTO `idioma` (`id`, `nome`, `lang`, `ativo`) VALUES
	(1, 'Português', 'pt-br', 1),
	(1, 'English', 'en', 0),
	(3, 'Français', 'fr', 0),
	(4, 'Español', 'es', 0),
	(5, 'Deutsch', 'de', 0);
/*!40000 ALTER TABLE `idioma` ENABLE KEYS */;

-- Copiando estrutura para tabela intercom.menu_admin
CREATE TABLE IF NOT EXISTS `menu_admin` (
  `id` int(11) unsigned NOT NULL AUTO_INCREMENT COMMENT 'id hidden',
  `idMenu_Admin` int(11) unsigned DEFAULT NULL COMMENT 'foreign visible',
  `idIcone` int(11) unsigned DEFAULT NULL COMMENT 'foreign',
  `top` tinyint(2) unsigned NOT NULL DEFAULT '0',
  `nome` varchar(250) NOT NULL,
  `controller` varchar(250) NOT NULL,
  `action` varchar(250) NOT NULL,
  `args` varchar(250) NOT NULL,
  `default` tinyint(1) unsigned DEFAULT '0',
  PRIMARY KEY (`id`),
  KEY `idParent` (`idMenu_Admin`),
  KEY `top` (`top`),
  KEY `idIcone` (`idIcone`),
  CONSTRAINT `FK_menu_admin_icone` FOREIGN KEY (`idIcone`) REFERENCES `icone` (`id`) ON DELETE SET NULL ON UPDATE NO ACTION,
  CONSTRAINT `FK_menu_admin_menu_admin` FOREIGN KEY (`idMenu_Admin`) REFERENCES `menu_admin` (`id`) ON DELETE CASCADE ON UPDATE NO ACTION
) ENGINE=InnoDB AUTO_INCREMENT=40 DEFAULT CHARSET=utf8;

-- Copiando dados para a tabela intercom.menu_admin: ~16 rows (aproximadamente)
/*!40000 ALTER TABLE `menu_admin` DISABLE KEYS */;
INSERT INTO `menu_admin` (`id`, `idMenu_Admin`, `idIcone`, `top`, `nome`, `controller`, `action`, `args`, `default`) VALUES
	(6, NULL, NULL, 99, 'Cadastramentos', 'admin', 'report', '', 0),
	(7, NULL, NULL, 0, 'Formularios', 'formulario', 'list', '', 0),
	(11, 18, NULL, 90, 'Escolas', 'entidade', 'list', '', 0),
	(12, 18, NULL, 60, 'Dimensões', 'dimensao', 'list', '', 0),
	(13, 18, NULL, 50, 'Semanas', 'semana', 'list', '', 0),
	(16, NULL, NULL, 20, 'Usuários', 'admin', 'list', '', 0),
	(17, NULL, NULL, 20, 'Tipos de Usuários', 'admin_tipo', 'list', '', 0),
	(18, NULL, NULL, 30, 'Cadastros', '', '', '', 0),
	(19, 18, NULL, 80, 'Grupos de Envio', 'grupo_envio', 'list', '', 0),
	(22, NULL, NULL, 0, 'Preencher informações', 'entidade', 'minhas', '', 0),
	(23, NULL, NULL, 0, 'Acompanhamento', '', '', '', 0),
	(24, 23, NULL, 0, 'Login na plataforma', 'acompanhamento', 'login', '', 0),
	(25, 23, NULL, 0, 'Preenchimento da plataforma', 'acompanhamento', 'preenchimento', '', 0),
	(26, NULL, NULL, 97, 'Configurações', 'config', 'list', '', 0),
	(27, NULL, NULL, 96, 'Textos', 'staticstring', 'list', '', 0),
	(29, 16, 3, 20, 'Listar', 'admin', 'list', '', 0),
	(30, 16, 1, 20, 'Adicionar', 'admin', 'add', '', 0),
	(31, 16, 15, 20, 'Importar', 'admin', 'import', '', 0),
	(32, 7, 1, 0, 'Adicionar', 'formulario', 'add', '', 0),
	(33, 7, 3, 0, 'Listar', 'formulario', 'list', '', 0),
	(34, 7, 16, 0, 'Preencher', 'formulario', 'preencher', '', 0),
	(35, NULL, NULL, 99, 'Projetos', 'admin', 'criar', '', 0),
	(36, 35, 3, 0, 'Listar', 'admin', 'listar', '', 0),
	(37, 35, 1, 0, 'Adicionar', 'admin', 'adicionar', '', 0),
	(38, NULL, NULL, 0, 'Enviar mensagem direta', 'admin', 'direta', '', 0),
	(39, NULL, NULL, 0, 'Alocar Turma', 'admin', 'alocar', '', 0);
/*!40000 ALTER TABLE `menu_admin` ENABLE KEYS */;

-- Copiando estrutura para tabela intercom.meta
CREATE TABLE IF NOT EXISTS `meta` (
  `id` int(11) unsigned NOT NULL AUTO_INCREMENT,
  `tabela` varchar(250) DEFAULT NULL,
  `nome` varchar(250) DEFAULT NULL,
  `options` varchar(250) DEFAULT NULL,
  `acesso` varchar(250) DEFAULT NULL,
  `padrao` tinyint(1) NOT NULL,
  PRIMARY KEY (`id`)
) ENGINE=InnoDB AUTO_INCREMENT=54 DEFAULT CHARSET=utf8;

-- Copiando dados para a tabela intercom.meta: ~20 rows (aproximadamente)
/*!40000 ALTER TABLE `meta` DISABLE KEYS */;
INSERT INTO `meta` (`id`, `tabela`, `nome`, `options`, `acesso`, `padrao`) VALUES
	(24, 'admin', 'Usuários', '', NULL, 1),
	(34, 'meta_acl', 'ACLs', NULL, NULL, 1),
	(35, 'formulario', 'Formularios', NULL, NULL, 1),
	(36, 'formulario_pergunta', 'Perguntas', 'order', NULL, 1),
	(37, 'entidade', 'Escolas', NULL, NULL, 1),
	(38, 'dimensao', 'Dimensões', NULL, NULL, 1),
	(39, 'semana', 'Semanas', NULL, NULL, 1),
	(40, 'todos', 'Envio Todos', NULL, NULL, 1),
	(41, 'tipo_usuario', 'Tipos de Usuários', NULL, NULL, 1),
	(42, 'entidade_turma', 'Turmas', NULL, NULL, 1),
	(43, 'entidade_pessoa', 'Matriculados', 'import', NULL, 1),
	(45, 'entidade_grupo3', 'Grupos de Escola', NULL, NULL, 1),
	(46, 'admin_tipo', 'Tipos de Usuários', NULL, NULL, 1),
	(47, 'entidade_classificacao', 'Classificações', NULL, NULL, 1),
	(48, 'entidade_agrupamento', 'Agrupamentos', NULL, NULL, 1),
	(49, 'grupo_envio', 'Grupos de Envio', NULL, NULL, 1),
	(50, 'config', 'Configurações', NULL, NULL, 1),
	(51, 'cadastro', 'Cadastro', NULL, NULL, 0),
	(52, 'staticstring', 'Textos', NULL, NULL, 1),
	(53, 'acompanhamento', 'Acompanhamento', NULL, NULL, 1);
/*!40000 ALTER TABLE `meta` ENABLE KEYS */;

-- Copiando estrutura para tabela intercom.meta_acl
CREATE TABLE IF NOT EXISTS `meta_acl` (
  `id` int(11) unsigned NOT NULL AUTO_INCREMENT COMMENT 'id hidden',
  `idMeta` int(11) unsigned NOT NULL COMMENT 'f r [Tabela] c filter',
  `idAcl` int(11) unsigned NOT NULL COMMENT 'f r [Tipo] c filter',
  `options` text NOT NULL COMMENT 'v [Opções] c',
  PRIMARY KEY (`id`),
  KEY `idMeta` (`idMeta`),
  KEY `idAcl` (`idAcl`),
  CONSTRAINT `FK_meta_acl_acl` FOREIGN KEY (`idAcl`) REFERENCES `acl` (`id`) ON DELETE CASCADE ON UPDATE CASCADE,
  CONSTRAINT `FK_meta_acl_meta` FOREIGN KEY (`idMeta`) REFERENCES `meta` (`id`) ON DELETE CASCADE ON UPDATE CASCADE
) ENGINE=InnoDB AUTO_INCREMENT=76 DEFAULT CHARSET=utf8;

-- Copiando dados para a tabela intercom.meta_acl: ~45 rows (aproximadamente)
/*!40000 ALTER TABLE `meta_acl` DISABLE KEYS */;
INSERT INTO `meta_acl` (`id`, `idMeta`, `idAcl`, `options`) VALUES
	(2, 50, 2, 'block'),
	(6, 46, 2, 'block'),
	(11, 38, 2, 'block'),
	(13, 49, 2, 'block'),
	(14, 24, 2, 'block selfonly'),
	(16, 51, 2, 'blocklist'),
	(17, 37, 2, 'blocklist'),
	(20, 39, 2, 'block'),
	(22, 40, 2, 'block'),
	(24, 52, 2, 'block'),
	(26, 35, 3, 'block'),
	(27, 35, 4, 'block'),
	(28, 24, 4, 'blockdel blockadd blockedit blockimport'),
	(31, 50, 5, 'block'),
	(33, 46, 5, 'block'),
	(34, 38, 5, 'block'),
	(35, 49, 5, 'block'),
	(36, 51, 5, 'block'),
	(37, 37, 5, 'blocklist'),
	(39, 40, 5, 'block'),
	(40, 52, 5, 'block'),
	(42, 53, 5, 'block'),
	(46, 39, 5, 'block'),
	(47, 24, 5, 'block selfonly nomenu'),
	(48, 50, 4, 'block'),
	(49, 46, 4, 'block'),
	(50, 38, 4, 'block'),
	(51, 49, 4, 'block'),
	(52, 24, 4, 'block selfonly nomenu'),
	(53, 51, 4, 'blocklist'),
	(54, 37, 4, 'blocklist'),
	(55, 39, 4, 'block'),
	(56, 40, 4, 'block'),
	(57, 52, 4, 'block'),
	(58, 50, 3, 'block'),
	(59, 46, 3, 'block'),
	(60, 38, 3, 'block'),
	(61, 49, 3, 'block'),
	(62, 24, 3, 'block selfonly'),
	(63, 51, 3, 'blocklist'),
	(64, 37, 3, 'blocklist'),
	(65, 39, 3, 'block'),
	(66, 40, 3, 'block'),
	(67, 52, 3, 'block'),
	(68, 35, 2, 'block'),
	(69, 35, 5, 'block'),
	(75, 35, 1, 'block');
/*!40000 ALTER TABLE `meta_acl` ENABLE KEYS */;

-- Copiando estrutura para tabela intercom.midia
CREATE TABLE IF NOT EXISTS `midia` (
  `id` int(11) unsigned NOT NULL AUTO_INCREMENT,
  `idParent` int(11) unsigned DEFAULT NULL,
  `file` varchar(250) NOT NULL,
  `thumb` tinyint(2) unsigned NOT NULL DEFAULT '0',
  `type` varchar(250) NOT NULL,
  `size` int(11) unsigned NOT NULL,
  `width` int(11) unsigned NOT NULL DEFAULT '0',
  `height` int(11) unsigned NOT NULL DEFAULT '0',
  `n` int(11) unsigned NOT NULL DEFAULT '0',
  `mime` varchar(50) DEFAULT NULL,
  PRIMARY KEY (`id`),
  KEY `idPai` (`idParent`),
  CONSTRAINT `FK_midia_midia` FOREIGN KEY (`idParent`) REFERENCES `midia` (`id`) ON DELETE CASCADE ON UPDATE CASCADE
) ENGINE=InnoDB AUTO_INCREMENT=49 DEFAULT CHARSET=utf8;

-- Copiando dados para a tabela intercom.midia: ~48 rows (aproximadamente)
/*!40000 ALTER TABLE `midia` DISABLE KEYS */;
INSERT INTO `midia` (`id`, `idParent`, `file`, `thumb`, `type`, `size`, `width`, `height`, `n`, `mime`) VALUES
	(1, NULL, '56c65e67008170.45728338original.jpg', 0, 'img', 3, 160, 160, 0, 'image/jpeg'),
	(2, 1, '56c65e6701b9f0.47604938.jpg', 1, 'img', 0, 100, 100, 0, 'image/jpeg'),
	(3, NULL, '5716883d704612.24045969original.jpg', 0, 'img', 392, 1456, 1965, 0, 'image/jpeg'),
	(4, NULL, '5716883d714016.48055258original.jpg', 0, 'img', 264, 1456, 2018, 0, 'image/jpeg'),
	(5, NULL, '571be28c854d54.21717923original.jpg', 0, 'img', 110, 955, 512, 0, 'image/jpeg'),
	(6, NULL, '571be28c8608d2.39333774original.jpg', 0, 'img', 25, 543, 189, 0, 'image/jpeg'),
	(7, NULL, '571fa451f29a57.12517579original.jpg', 0, 'img', 38, 470, 420, 0, 'image/jpeg'),
	(8, NULL, '571fa451f355d6.73900582original.jpg', 0, 'img', 38, 470, 420, 0, 'image/jpeg'),
	(9, NULL, '571fd0b96b1f63.79420081original.jpg', 0, 'img', 110, 955, 512, 0, 'image/jpeg'),
	(10, NULL, '571fd0b96d0cd8.33756624original.jpg', 0, 'img', 25, 543, 189, 0, 'image/jpeg'),
	(11, NULL, '571fd0fe4e7f19.98311964original.jpg', 0, 'img', 110, 955, 512, 0, 'image/jpeg'),
	(12, NULL, '571fd0fe4efb70.13067013original.jpg', 0, 'img', 25, 543, 189, 0, 'image/jpeg'),
	(13, NULL, '571fd6f9dd10a2.48011318original.jpg', 0, 'img', 110, 955, 512, 0, 'image/jpeg'),
	(14, NULL, '571fd6f9e33d96.89293998original.jpg', 0, 'img', 25, 543, 189, 0, 'image/jpeg'),
	(15, NULL, '571fd83236b7d0.41891445original.jpg', 0, 'img', 77, 951, 351, 0, 'image/jpeg'),
	(16, NULL, '571fd832375221.24744447original.jpg', 0, 'img', 25, 543, 189, 0, 'image/jpeg'),
	(17, NULL, '57210ff5e5a025.51756838original.jpg', 0, 'img', 110, 955, 512, 0, 'image/jpeg'),
	(18, NULL, '57210ff5efb036.76084421original.jpg', 0, 'img', 25, 543, 189, 0, 'image/jpeg'),
	(19, NULL, '5728b7683a8846.43893004original.png', 0, 'img', 125, 2098, 722, 0, 'image/png'),
	(20, NULL, '5728b7684829d0.76126191original.png', 0, 'img', 3, 182, 40, 0, 'image/png'),
	(21, NULL, '5728b8e9c786a3.16327293original.png', 0, 'img', 3, 182, 40, 0, 'image/png'),
	(22, NULL, '5728b8e9c7e212.27684018original.png', 0, 'img', 3, 182, 40, 0, 'image/png'),
	(23, NULL, '5728bb39791586.27421357original.png', 0, 'img', 59, 1166, 664, 0, 'image/png'),
	(24, NULL, '5728bb39797f32.79036569original.png', 0, 'img', 3, 182, 40, 0, 'image/png'),
	(25, NULL, '571be28c854d54.21717923original.jpg', 0, 'img', 110, 705, 455, 0, 'image/jpeg'),
	(26, NULL, '571be28c8608d2.39333774original.jpg', 0, 'img', 25, 543, 189, 0, 'image/jpeg'),
	(27, NULL, '5731dff4125c27.44085845original.png', 0, 'img', 64, 1102, 542, 0, 'image/png'),
	(28, NULL, '5731dff416f439.31806528original.jpg', 0, 'img', 12, 513, 230, 0, 'image/jpeg'),
	(29, NULL, '5731e01a540c61.74694136original.png', 0, 'img', 64, 1102, 542, 0, 'image/png'),
	(30, NULL, '5731e01a54a9f3.92021636original.jpg', 0, 'img', 12, 513, 230, 0, 'image/jpeg'),
	(31, NULL, '5731e053d17a48.02046483original.png', 0, 'img', 64, 1102, 542, 0, 'image/png'),
	(32, NULL, '5731e053d1e5c2.80708789original.jpg', 0, 'img', 12, 513, 230, 0, 'image/jpeg'),
	(33, NULL, '5731e4e6cdb075.80135439original.png', 0, 'img', 64, 1102, 542, 0, 'image/png'),
	(34, NULL, '5731e4e6ce52e9.38867650original.jpg', 0, 'img', 12, 513, 230, 0, 'image/jpeg'),
	(35, NULL, '57322e37273711.51847628original.png', 0, 'img', 98, 1632, 870, 0, 'image/png'),
	(36, NULL, '57322e3730fa42.62108752original.png', 0, 'img', 108, 1394, 496, 0, 'image/png'),
	(37, NULL, '57336e322cc1e2.92148275original.png', 0, 'img', 9, 314, 42, 0, 'image/png'),
	(38, NULL, '57336e3236fd32.34613500original.png', 0, 'img', 9, 314, 42, 0, 'image/png'),
	(39, NULL, '573ded6a334080.23122246original.png', 0, 'img', 73, 1249, 974, 0, 'image/png'),
	(40, NULL, '573ded6a4051b2.39031045original.png', 0, 'img', 5, 672, 192, 0, 'image/png'),
	(41, NULL, '573dee4a24e405.02623405original.png', 0, 'img', 111, 800, 624, 0, 'image/png'),
	(42, NULL, '573dee4a2fbf17.42172390original.png', 0, 'img', 5, 672, 192, 0, 'image/png'),
	(43, NULL, '573def51cb3c67.58619392original.png', 0, 'img', 111, 800, 624, 0, 'image/png'),
	(44, NULL, '573def51cba315.51711761original.png', 0, 'img', 4, 415, 167, 0, 'image/png'),
	(45, NULL, '5939a008407431.88198758original.jpg', 0, 'img', 81, 755, 405, 0, 'image/jpeg'),
	(46, NULL, '5939a00864fd10.42996172original.jpg', 0, 'img', 25, 543, 189, 0, 'image/jpeg'),
	(47, NULL, '5939a5ee537274.06590892original.jpg', 0, 'img', 81, 755, 405, 0, 'image/jpeg'),
	(48, NULL, '5939a5ee722174.01219457original.jpg', 0, 'img', 25, 543, 189, 0, 'image/jpeg');
/*!40000 ALTER TABLE `midia` ENABLE KEYS */;

-- Copiando estrutura para tabela intercom.resposta
CREATE TABLE IF NOT EXISTS `resposta` (
  `id` int(11) unsigned NOT NULL AUTO_INCREMENT COMMENT 'id hidden',
  `idPergunta` int(11) unsigned NOT NULL COMMENT 'r c f [Pergunta]',
  `resposta` varchar(250) NOT NULL COMMENT 'r c',
  `idAdmin` int(11) unsigned NOT NULL COMMENT 'admin',
  `indice` smallint(5) unsigned NOT NULL,
  `data` timestamp NOT NULL DEFAULT CURRENT_TIMESTAMP,
  `pre` tinyint(1) unsigned NOT NULL DEFAULT '0',
  PRIMARY KEY (`id`),
  KEY `idPergunta` (`idPergunta`),
  KEY `idAdmin` (`idAdmin`),
  KEY `indice` (`indice`),
  CONSTRAINT `FK_resposta_admin` FOREIGN KEY (`idAdmin`) REFERENCES `admin` (`id`) ON DELETE CASCADE ON UPDATE CASCADE,
  CONSTRAINT `FK_resposta_formulario_pergunta` FOREIGN KEY (`idPergunta`) REFERENCES `formulario_pergunta` (`id`) ON DELETE CASCADE ON UPDATE CASCADE
) ENGINE=InnoDB DEFAULT CHARSET=utf8;

-- Copiando dados para a tabela intercom.resposta: ~0 rows (aproximadamente)
/*!40000 ALTER TABLE `resposta` DISABLE KEYS */;
/*!40000 ALTER TABLE `resposta` ENABLE KEYS */;

-- Copiando estrutura para tabela intercom.resposta_otimizada
CREATE TABLE IF NOT EXISTS `resposta_otimizada` (
  `idFormulario` int(11) unsigned NOT NULL,
  `idAdmin` int(11) unsigned NOT NULL,
  `indice` smallint(5) unsigned NOT NULL,
  `resposta` text NOT NULL,
  `r1` text NOT NULL,
  `data` timestamp NOT NULL DEFAULT CURRENT_TIMESTAMP,
  PRIMARY KEY (`idFormulario`,`idAdmin`,`indice`),
  KEY `idPergunta` (`idFormulario`),
  KEY `indice` (`indice`),
  KEY `idAdmin` (`idAdmin`),
  CONSTRAINT `FK__admin` FOREIGN KEY (`idAdmin`) REFERENCES `admin` (`id`) ON DELETE CASCADE ON UPDATE CASCADE,
  CONSTRAINT `FK__formulario_pergunta` FOREIGN KEY (`idFormulario`) REFERENCES `formulario` (`id`) ON DELETE CASCADE ON UPDATE CASCADE
) ENGINE=InnoDB DEFAULT CHARSET=utf8;

-- Copiando dados para a tabela intercom.resposta_otimizada: ~0 rows (aproximadamente)
/*!40000 ALTER TABLE `resposta_otimizada` DISABLE KEYS */;
/*!40000 ALTER TABLE `resposta_otimizada` ENABLE KEYS */;

-- Copiando estrutura para tabela intercom.semana
CREATE TABLE IF NOT EXISTS `semana` (
  `id` int(10) unsigned NOT NULL AUTO_INCREMENT COMMENT 'id hidden',
  `nome` varchar(250) NOT NULL COMMENT 'r c [Nome]',
  `nome_curto` varchar(250) NOT NULL COMMENT 'r [Nome_Curto]',
  `preenchimento` varchar(250) NOT NULL COMMENT 'v [Período_de_informações]',
  `inicio` date NOT NULL COMMENT 'v date c [Inicio]',
  `termino` date NOT NULL COMMENT 'v date c [Termino]',
  `idDimensao` int(10) unsigned NOT NULL COMMENT 'v c f [Dimensão] filter',
  PRIMARY KEY (`id`),
  KEY `idDimensao` (`idDimensao`)
) ENGINE=InnoDB AUTO_INCREMENT=15 DEFAULT CHARSET=utf8;

-- Copiando dados para a tabela intercom.semana: ~7 rows (aproximadamente)
/*!40000 ALTER TABLE `semana` DISABLE KEYS */;
INSERT INTO `semana` (`id`, `nome`, `nome_curto`, `preenchimento`, `inicio`, `termino`, `idDimensao`) VALUES
	(7, 'Second Quarter', '2st Quarter - Grades', 'April to June 2017', '2017-04-01', '2017-06-30', 4),
	(8, 'Third Quarter', '3rd quarter - Grades', 'July to September', '2017-07-01', '2017-09-30', 4),
	(10, 'June', 'June Attendance', 'June', '2017-06-26', '2017-06-30', 5),
	(11, 'July', 'July Attendance', 'July', '2017-07-24', '2017-07-28', 5),
	(13, 'June', 'June Assignment completion', 'June', '2017-06-26', '2017-06-30', 7),
	(14, 'July', 'July Assignment Completion', 'July', '2017-07-24', '2017-07-28', 7);
/*!40000 ALTER TABLE `semana` ENABLE KEYS */;

-- Copiando estrutura para tabela intercom.staticstring
CREATE TABLE IF NOT EXISTS `staticstring` (
  `id` varchar(250) NOT NULL COMMENT 'read-only c hidden',
  `valor` text NOT NULL COMMENT 'v rich [Valor]',
  `rich` tinyint(1) unsigned NOT NULL DEFAULT '1',
  PRIMARY KEY (`id`)
) ENGINE=InnoDB DEFAULT CHARSET=utf8;

-- Copiando dados para a tabela intercom.staticstring: ~6 rows (aproximadamente)
/*!40000 ALTER TABLE `staticstring` DISABLE KEYS */;
INSERT INTO `staticstring` (`id`, `valor`, `rich`) VALUES
	('aviso-', '<p>Aviso editável</p>\r\n', 1),
	('aviso-de', '<p><img alt="" src="img/intercom.png" /></p>\r\n\r\n<p><span style="font-size:14px"><strong><span style="color:#000080">Welcome to the Intercom Platform!</span></strong></span></p>\r\n\r\n<p><font color="#000080"><span style="font-size:14px">To add event to the calendar, go to "Fill information" and click the calendar icon (Events).</span></font></p>\r\n\r\n<p><font color="#000080"><span style="font-size:14px">To add student information, go to "Fill information" and click the pencil icon (Insert information).</span></font></p>\r\n', 1),
	('aviso-en', '<p><img alt="" src="img/intercom.png" /></p>\r\n\r\n<p><span style="font-size:14px"><strong><span style="color:#000080">Welcome to the Intercom Platform!</span></strong></span></p>\r\n\r\n<p><font color="#000080"><span style="font-size:14px">To add event to the calendar, go to "Fill information" and click the calendar icon (Events).</span></font></p>\r\n\r\n<p><font color="#000080"><span style="font-size:14px">To add student information, go to "Fill information" and click the pencil icon (Insert information).</span></font></p>\r\n', 1),
	('aviso-es', '<p><img alt="" src="img/intercom.png" /></p>\r\n\r\n<p><span style="font-size:14px"><strong><span style="color:#000080">¡Bienvenido a la plataforma de Intercom!</span></strong></span></p>\r\n\r\n<p><font color="#000080"><span style="font-size:14px">Para añadir evento en el calendario, acceda a "Llenar informaciónes" y haga clic en el icono del calendario (Eventos).</span></font></p>\r\n\r\n<p><font color="#000080"><span style="font-size:14px">Para añadir información de los alumnos, accede a "Llenar informaciónes" y haga clic en el icono del lápiz (Insertar información).</span></font></p>\r\n', 1),
	('aviso-fr', '<p><img alt="" src="img/intercom.png" /></p>\r\n\r\n<p><span style="font-size:14px"><strong><span style="color:#000080">Welcome to the Intercom Platform!</span></strong></span></p>\r\n\r\n<p><font color="#000080"><span style="font-size:14px">To add event to the calendar, go to "Fill information" and click the calendar icon (Events).</span></font></p>\r\n\r\n<p><font color="#000080"><span style="font-size:14px">To add student information, go to "Fill information" and click the pencil icon (Insert information).</span></font></p>\r\n', 1),
	('aviso-pt-br', '<p><img alt="" src="img/intercom.png" /></p>\r\n\r\n<p><span style="font-size:14px"><strong><span style="color:#000080">Bem vindo á plataforma do Intercom!</span></strong></span></p>\r\n\r\n<p><font color="#000080"><span style="font-size:14px">Para adicionar evento no calendário, acesse "Preencher informações" e clique no ícone do calendário (Eventos).</span></font></p>\r\n\r\n<p><font color="#000080"><span style="font-size:14px">Para adicionar informações dos alunos, acesse "Preencher informações" e clique no ícone do lápis (Inserir informações).</span></font></p>\r\n', 1);
/*!40000 ALTER TABLE `staticstring` ENABLE KEYS */;

-- Copiando estrutura para tabela intercom.tipo_pergunta
CREATE TABLE IF NOT EXISTS `tipo_pergunta` (
  `id` tinyint(1) unsigned NOT NULL AUTO_INCREMENT COMMENT 'id hidden',
  `nome` varchar(250) NOT NULL,
  PRIMARY KEY (`id`),
  UNIQUE KEY `nome` (`nome`)
) ENGINE=InnoDB AUTO_INCREMENT=3 DEFAULT CHARSET=utf8;

-- Copiando dados para a tabela intercom.tipo_pergunta: ~2 rows (aproximadamente)
/*!40000 ALTER TABLE `tipo_pergunta` DISABLE KEYS */;
INSERT INTO `tipo_pergunta` (`id`, `nome`) VALUES
	(1, 'Descritiva'),
	(2, 'Opção');
/*!40000 ALTER TABLE `tipo_pergunta` ENABLE KEYS */;

-- Copiando estrutura para tabela intercom.tipo_usuario
CREATE TABLE IF NOT EXISTS `tipo_usuario` (
  `id` int(10) unsigned NOT NULL AUTO_INCREMENT COMMENT 'id hidden',
  `nome` varchar(250) NOT NULL COMMENT 'r c',
  PRIMARY KEY (`id`)
) ENGINE=InnoDB DEFAULT CHARSET=utf8;

-- Copiando dados para a tabela intercom.tipo_usuario: ~0 rows (aproximadamente)
/*!40000 ALTER TABLE `tipo_usuario` DISABLE KEYS */;
/*!40000 ALTER TABLE `tipo_usuario` ENABLE KEYS */;

-- Copiando estrutura para tabela intercom.todos
CREATE TABLE IF NOT EXISTS `todos` (
  `id` int(10) unsigned NOT NULL AUTO_INCREMENT COMMENT 'id hidden',
  `data_diretor` date NOT NULL COMMENT 'date [Data_Envio_Diretor_Todos] v c',
  `enviado_smsdt` tinyint(4) NOT NULL COMMENT 'v check [EnviadoSMSDT]',
  `data_professor` date NOT NULL COMMENT 'date [Data_Envio_Professor_Todos] v c',
  `enviado_smspt` tinyint(4) NOT NULL COMMENT 'v check [EnviadoSMSPT]',
  PRIMARY KEY (`id`)
) ENGINE=InnoDB AUTO_INCREMENT=2 DEFAULT CHARSET=utf8;

-- Copiando dados para a tabela intercom.todos: ~0 rows (aproximadamente)
/*!40000 ALTER TABLE `todos` DISABLE KEYS */;
INSERT INTO `todos` (`id`, `data_diretor`, `enviado_smsdt`, `data_professor`, `enviado_smspt`) VALUES
	(1, '2016-12-06', 0, '2016-12-06', 0);
/*!40000 ALTER TABLE `todos` ENABLE KEYS */;

-- Copiando estrutura para trigger intercom.formulario_pergunta_after_delete
SET @OLDTMP_SQL_MODE=@@SQL_MODE, SQL_MODE='NO_AUTO_VALUE_ON_ZERO';
DELIMITER //
CREATE TRIGGER `formulario_pergunta_after_delete` AFTER DELETE ON `formulario_pergunta` FOR EACH ROW BEGIN
UPDATE cadastro_formulario f SET cache=(
SELECT group_concat(fp.nome ORDER BY fp.ordem ASC SEPARATOR "|$|") FROM formulario_pergunta fp WHERE fp.idFormulario=f.id GROUP BY fp.idFormulario);
END//
DELIMITER ;
SET SQL_MODE=@OLDTMP_SQL_MODE;

/*!40101 SET SQL_MODE=IFNULL(@OLD_SQL_MODE, '') */;
/*!40014 SET FOREIGN_KEY_CHECKS=IF(@OLD_FOREIGN_KEY_CHECKS IS NULL, 1, @OLD_FOREIGN_KEY_CHECKS) */;
/*!40101 SET CHARACTER_SET_CLIENT=@OLD_CHARACTER_SET_CLIENT */;
